filing_date,cik,accession_number,filename,component,url
2025-02-27,1819994,0001628280-25-008724,rklb-20241231.htm,launch,https://www.sec.gov/Archives/edgar/data/1819994/000162828025008724/rklb-20241231.htm#:~:text=launch%20vehicle&text=launch%20services&text=orbital%20launch&text=satellite%20launch&text=rocket%20launch&text=spacecraft%20launch&text=launch%20facility&text=launch%20pad&text=reusable%20rocket&text=vertical%20landing&text=propulsion%20system&text=liquid%20propellant&text=solid%20rocket%20booster
2024-04-18,1814329,0000950170-24-045209,astr-20231231.htm,launch,https://www.sec.gov/Archives/edgar/data/1814329/000095017024045209/astr-20231231.htm#:~:text=launch%20vehicle&text=launch%20services&text=orbital%20launch&text=satellite%20launch&text=rocket%20launch&text=spacecraft%20launch&text=launch%20facility&text=launch%20pad&text=reusable%20rocket&text=vertical%20landing&text=propulsion%20system&text=liquid%20propellant&text=solid%20rocket%20booster
2024-06-06,1781162,0001628280-24-026929,mnts-20231231.htm,launch,https://www.sec.gov/Archives/edgar/data/1781162/000162828024026929/mnts-20231231.htm#:~:text=launch%20vehicle&text=launch%20services&text=orbital%20launch&text=satellite%20launch&text=rocket%20launch&text=spacecraft%20launch&text=launch%20facility&text=launch%20pad&text=reusable%20rocket&text=vertical%20landing&text=propulsion%20system&text=liquid%20propellant&text=solid%20rocket%20booster
2024-04-01,1780312,0000950170-24-039342,asts-20231231.htm,launch,https://www.sec.gov/Archives/edgar/data/1780312/000095017024039342/asts-20231231.htm#:~:text=launch%20vehicle&text=launch%20services&text=orbital%20launch&text=satellite%20launch&text=rocket%20launch&text=spacecraft%20launch&text=launch%20facility&text=launch%20pad&text=reusable%20rocket&text=vertical%20landing&text=propulsion%20system&text=liquid%20propellant&text=solid%20rocket%20booster
2025-03-17,1776738,0001776738-25-000003,cbstf-20241231xexx211.htm,launch,https://www.sec.gov/Archives/edgar/data/1776738/000177673825000003/cbstf-20241231xexx211.htm#:~:text=launch%20vehicle&text=launch%20services&text=orbital%20launch&text=satellite%20launch&text=rocket%20launch&text=spacecraft%20launch&text=launch%20facility&text=launch%20pad&text=reusable%20rocket&text=vertical%20landing&text=propulsion%20system&text=liquid%20propellant&text=solid%20rocket%20booster
2025-03-26,1874315,0001628280-25-014951,satl-20241231.htm,launch,https://www.sec.gov/Archives/edgar/data/1874315/000162828025014951/satl-20241231.htm#:~:text=launch%20vehicle&text=launch%20services&text=orbital%20launch&text=satellite%20launch&text=rocket%20launch&text=spacecraft%20launch&text=launch%20facility&text=launch%20pad&text=reusable%20rocket&text=vertical%20landing&text=propulsion%20system&text=liquid%20propellant&text=solid%20rocket%20booster
2024-03-27,1879726,0001493152-24-011394,form10-k.htm,launch,https://www.sec.gov/Archives/edgar/data/1879726/000149315224011394/form10-k.htm#:~:text=launch%20vehicle&text=launch%20services&text=orbital%20launch&text=satellite%20launch&text=rocket%20launch&text=spacecraft%20launch&text=launch%20facility&text=launch%20pad&text=reusable%20rocket&text=vertical%20landing&text=propulsion%20system&text=liquid%20propellant&text=solid%20rocket%20booster
2025-03-03,1780312,0000950170-25-030909,asts-20241231.htm,launch,https://www.sec.gov/Archives/edgar/data/1780312/000095017025030909/asts-20241231.htm#:~:text=launch%20vehicle&text=launch%20services&text=orbital%20launch&text=satellite%20launch&text=rocket%20launch&text=spacecraft%20launch&text=launch%20facility&text=launch%20pad&text=reusable%20rocket&text=vertical%20landing&text=propulsion%20system&text=liquid%20propellant&text=solid%20rocket%20booster
2025-03-20,1753539,0001753539-25-000030,bksy-20241231.htm,launch,https://www.sec.gov/Archives/edgar/data/1753539/000175353925000030/bksy-20241231.htm#:~:text=launch%20vehicle&text=launch%20services&text=orbital%20launch&text=satellite%20launch&text=rocket%20launch&text=spacecraft%20launch&text=launch%20facility&text=launch%20pad&text=reusable%20rocket&text=vertical%20landing&text=propulsion%20system&text=liquid%20propellant&text=solid%20rocket%20booster
2024-03-29,1836833,0001836833-24-000037,pl-20240131.htm,launch,https://www.sec.gov/Archives/edgar/data/1836833/000183683324000037/pl-20240131.htm#:~:text=launch%20vehicle&text=launch%20services&text=orbital%20launch&text=satellite%20launch&text=rocket%20launch&text=spacecraft%20launch&text=launch%20facility&text=launch%20pad&text=reusable%20rocket&text=vertical%20landing&text=propulsion%20system&text=liquid%20propellant&text=solid%20rocket%20booster
2025-03-25,1844452,0001844452-25-000023,lunr-20241231.htm,launch,https://www.sec.gov/Archives/edgar/data/1844452/000184445225000023/lunr-20241231.htm#:~:text=launch%20vehicle&text=launch%20services&text=orbital%20launch&text=satellite%20launch&text=rocket%20launch&text=spacecraft%20launch&text=launch%20facility&text=launch%20pad&text=reusable%20rocket&text=vertical%20landing&text=propulsion%20system&text=liquid%20propellant&text=solid%20rocket%20booster
2025-03-11,1819810,0001819810-25-000063,rdw-20241231.htm,launch,https://www.sec.gov/Archives/edgar/data/1819810/000181981025000063/rdw-20241231.htm#:~:text=launch%20vehicle&text=launch%20services&text=orbital%20launch&text=satellite%20launch&text=rocket%20launch&text=spacecraft%20launch&text=launch%20facility&text=launch%20pad&text=reusable%20rocket&text=vertical%20landing&text=propulsion%20system&text=liquid%20propellant&text=solid%20rocket%20booster
2025-02-28,1366868,0001366868-25-000033,gsat-20241231.htm,launch,https://www.sec.gov/Archives/edgar/data/1366868/000136686825000033/gsat-20241231.htm#:~:text=launch%20vehicle&text=launch%20services&text=orbital%20launch&text=satellite%20launch&text=rocket%20launch&text=spacecraft%20launch&text=launch%20facility&text=launch%20pad&text=reusable%20rocket&text=vertical%20landing&text=propulsion%20system&text=liquid%20propellant&text=solid%20rocket%20booster
2024-05-29,797721,0000950170-24-066031,vsat-20240331.htm,launch,https://www.sec.gov/Archives/edgar/data/797721/000095017024066031/vsat-20240331.htm#:~:text=launch%20vehicle&text=launch%20services&text=orbital%20launch&text=satellite%20launch&text=rocket%20launch&text=spacecraft%20launch&text=launch%20facility&text=launch%20pad&text=reusable%20rocket&text=vertical%20landing&text=propulsion%20system&text=liquid%20propellant&text=solid%20rocket%20booster
2025-03-26,1836833,0001836833-25-000050,pl-20250131.htm,launch,https://www.sec.gov/Archives/edgar/data/1836833/000183683325000050/pl-20250131.htm#:~:text=launch%20vehicle&text=launch%20services&text=orbital%20launch&text=satellite%20launch&text=rocket%20launch&text=spacecraft%20launch&text=launch%20facility&text=launch%20pad&text=reusable%20rocket&text=vertical%20landing&text=propulsion%20system&text=liquid%20propellant&text=solid%20rocket%20booster
2025-02-25,1043186,0001437749-25-005086,slng20241231_10k.htm,launch,https://www.sec.gov/Archives/edgar/data/1043186/000143774925005086/slng20241231_10k.htm#:~:text=launch%20vehicle&text=launch%20services&text=orbital%20launch&text=satellite%20launch&text=rocket%20launch&text=spacecraft%20launch&text=launch%20facility&text=launch%20pad&text=reusable%20rocket&text=vertical%20landing&text=propulsion%20system&text=liquid%20propellant&text=solid%20rocket%20booster
2024-10-30,23197,0000023197-24-000104,cmtl-20240731.htm,launch,https://www.sec.gov/Archives/edgar/data/23197/000002319724000104/cmtl-20240731.htm#:~:text=launch%20vehicle&text=launch%20services&text=orbital%20launch&text=satellite%20launch&text=rocket%20launch&text=spacecraft%20launch&text=launch%20facility&text=launch%20pad&text=reusable%20rocket&text=vertical%20landing&text=propulsion%20system&text=liquid%20propellant&text=solid%20rocket%20booster
2024-05-07,1590496,0001213900-24-040309,ea0203967-10k_aerkomm.htm,launch,https://www.sec.gov/Archives/edgar/data/1590496/000121390024040309/ea0203967-10k_aerkomm.htm#:~:text=launch%20vehicle&text=launch%20services&text=orbital%20launch&text=satellite%20launch&text=rocket%20launch&text=spacecraft%20launch&text=launch%20facility&text=launch%20pad&text=reusable%20rocket&text=vertical%20landing&text=propulsion%20system&text=liquid%20propellant&text=solid%20rocket%20booster
2024-11-27,67887,0000067887-24-000166,mog-20240928.htm,launch,https://www.sec.gov/Archives/edgar/data/67887/000006788724000166/mog-20240928.htm#:~:text=launch%20vehicle&text=launch%20services&text=orbital%20launch&text=satellite%20launch&text=rocket%20launch&text=spacecraft%20launch&text=launch%20facility&text=launch%20pad&text=reusable%20rocket&text=vertical%20landing&text=propulsion%20system&text=liquid%20propellant&text=solid%20rocket%20booster
2025-02-07,1018724,0001018724-25-000004,amzn-20241231.htm,launch,https://www.sec.gov/Archives/edgar/data/1018724/000101872425000004/amzn-20241231.htm#:~:text=launch%20vehicle&text=launch%20services&text=orbital%20launch&text=satellite%20launch&text=rocket%20launch&text=spacecraft%20launch&text=launch%20facility&text=launch%20pad&text=reusable%20rocket&text=vertical%20landing&text=propulsion%20system&text=liquid%20propellant&text=solid%20rocket%20booster
2025-02-26,1706946,0001706946-25-000038,spce-20241231.htm,launch,https://www.sec.gov/Archives/edgar/data/1706946/000170694625000038/spce-20241231.htm#:~:text=launch%20vehicle&text=launch%20services&text=orbital%20launch&text=satellite%20launch&text=rocket%20launch&text=spacecraft%20launch&text=launch%20facility&text=launch%20pad&text=reusable%20rocket&text=vertical%20landing&text=propulsion%20system&text=liquid%20propellant&text=solid%20rocket%20booster
2024-04-01,1835512,0000950170-24-039442,llap-20231231.htm,launch,https://www.sec.gov/Archives/edgar/data/1835512/000095017024039442/llap-20231231.htm#:~:text=launch%20vehicle&text=launch%20services&text=orbital%20launch&text=satellite%20launch&text=rocket%20launch&text=spacecraft%20launch&text=launch%20facility&text=launch%20pad&text=reusable%20rocket&text=vertical%20landing&text=propulsion%20system&text=liquid%20propellant&text=solid%20rocket%20booster
2024-04-01,1042642,0001558370-24-004539,ddbs-20231231x10k.htm,launch,https://www.sec.gov/Archives/edgar/data/1042642/000155837024004539/ddbs-20231231x10k.htm#:~:text=launch%20vehicle&text=launch%20services&text=orbital%20launch&text=satellite%20launch&text=rocket%20launch&text=spacecraft%20launch&text=launch%20facility&text=launch%20pad&text=reusable%20rocket&text=vertical%20landing&text=propulsion%20system&text=liquid%20propellant&text=solid%20rocket%20booster
2024-04-12,1864531,0001104659-24-046607,dhacu-20231231x10k.htm,launch,https://www.sec.gov/Archives/edgar/data/1864531/000110465924046607/dhacu-20231231x10k.htm#:~:text=launch%20vehicle&text=launch%20services&text=orbital%20launch&text=satellite%20launch&text=rocket%20launch&text=spacecraft%20launch&text=launch%20facility&text=launch%20pad&text=reusable%20rocket&text=vertical%20landing&text=propulsion%20system&text=liquid%20propellant&text=solid%20rocket%20booster
2025-03-19,1042642,0001558370-25-003292,ddbs-20241231x10k.htm,launch,https://www.sec.gov/Archives/edgar/data/1042642/000155837025003292/ddbs-20241231x10k.htm#:~:text=launch%20vehicle&text=launch%20services&text=orbital%20launch&text=satellite%20launch&text=rocket%20launch&text=spacecraft%20launch&text=launch%20facility&text=launch%20pad&text=reusable%20rocket&text=vertical%20landing&text=propulsion%20system&text=liquid%20propellant&text=solid%20rocket%20booster
2025-02-27,1626450,0000950170-25-029211,bigc-20241231.htm,launch,https://www.sec.gov/Archives/edgar/data/1626450/000095017025029211/bigc-20241231.htm#:~:text=launch%20vehicle&text=launch%20services&text=orbital%20launch&text=satellite%20launch&text=rocket%20launch&text=spacecraft%20launch&text=launch%20facility&text=launch%20pad&text=reusable%20rocket&text=vertical%20landing&text=propulsion%20system&text=liquid%20propellant&text=solid%20rocket%20booster
2025-01-28,936468,0000936468-25-000009,lmt-20241231.htm,launch,https://www.sec.gov/Archives/edgar/data/936468/000093646825000009/lmt-20241231.htm#:~:text=launch%20vehicle&text=launch%20services&text=orbital%20launch&text=satellite%20launch&text=rocket%20launch&text=spacecraft%20launch&text=launch%20facility&text=launch%20pad&text=reusable%20rocket&text=vertical%20landing&text=propulsion%20system&text=liquid%20propellant&text=solid%20rocket%20booster
2025-02-13,1418819,0001628280-25-005302,irdm-20241231.htm,launch,https://www.sec.gov/Archives/edgar/data/1418819/000162828025005302/irdm-20241231.htm#:~:text=launch%20vehicle&text=launch%20services&text=orbital%20launch&text=satellite%20launch&text=rocket%20launch&text=spacecraft%20launch&text=launch%20facility&text=launch%20pad&text=reusable%20rocket&text=vertical%20landing&text=propulsion%20system&text=liquid%20propellant&text=solid%20rocket%20booster
2025-02-13,1968915,0001968915-25-000006,phin-20241231.htm,launch,https://www.sec.gov/Archives/edgar/data/1968915/000196891525000006/phin-20241231.htm#:~:text=launch%20vehicle&text=launch%20services&text=orbital%20launch&text=satellite%20launch&text=rocket%20launch&text=spacecraft%20launch&text=launch%20facility&text=launch%20pad&text=reusable%20rocket&text=vertical%20landing&text=propulsion%20system&text=liquid%20propellant&text=solid%20rocket%20booster
2024-04-16,1515139,0001493152-24-014702,form10-k.htm,launch,https://www.sec.gov/Archives/edgar/data/1515139/000149315224014702/form10-k.htm#:~:text=launch%20vehicle&text=launch%20services&text=orbital%20launch&text=satellite%20launch&text=rocket%20launch&text=spacecraft%20launch&text=launch%20facility&text=launch%20pad&text=reusable%20rocket&text=vertical%20landing&text=propulsion%20system&text=liquid%20propellant&text=solid%20rocket%20booster
2025-02-24,1096343,0001096343-25-000027,mkl-20241231.htm,launch,https://www.sec.gov/Archives/edgar/data/1096343/000109634325000027/mkl-20241231.htm#:~:text=launch%20vehicle&text=launch%20services&text=orbital%20launch&text=satellite%20launch&text=rocket%20launch&text=spacecraft%20launch&text=launch%20facility&text=launch%20pad&text=reusable%20rocket&text=vertical%20landing&text=propulsion%20system&text=liquid%20propellant&text=solid%20rocket%20booster
2025-03-14,1537054,0000950170-25-039384,gogo-20241231.htm,launch,https://www.sec.gov/Archives/edgar/data/1537054/000095017025039384/gogo-20241231.htm#:~:text=launch%20vehicle&text=launch%20services&text=orbital%20launch&text=satellite%20launch&text=rocket%20launch&text=spacecraft%20launch&text=launch%20facility&text=launch%20pad&text=reusable%20rocket&text=vertical%20landing&text=propulsion%20system&text=liquid%20propellant&text=solid%20rocket%20booster
2025-02-13,1468174,0001468174-25-000009,h-20241231.htm,launch,https://www.sec.gov/Archives/edgar/data/1468174/000146817425000009/h-20241231.htm#:~:text=launch%20vehicle&text=launch%20services&text=orbital%20launch&text=satellite%20launch&text=rocket%20launch&text=spacecraft%20launch&text=launch%20facility&text=launch%20pad&text=reusable%20rocket&text=vertical%20landing&text=propulsion%20system&text=liquid%20propellant&text=solid%20rocket%20booster
2024-03-29,1912461,0001193125-24-082043,d740922d10k.htm,launch,https://www.sec.gov/Archives/edgar/data/1912461/000119312524082043/d740922d10k.htm#:~:text=launch%20vehicle&text=launch%20services&text=orbital%20launch&text=satellite%20launch&text=rocket%20launch&text=spacecraft%20launch&text=launch%20facility&text=launch%20pad&text=reusable%20rocket&text=vertical%20landing&text=propulsion%20system&text=liquid%20propellant&text=solid%20rocket%20booster
2025-02-25,1745999,0000950170-25-026076,beam-20241231.htm,launch,https://www.sec.gov/Archives/edgar/data/1745999/000095017025026076/beam-20241231.htm#:~:text=launch%20vehicle&text=launch%20services&text=orbital%20launch&text=satellite%20launch&text=rocket%20launch&text=spacecraft%20launch&text=launch%20facility&text=launch%20pad&text=reusable%20rocket&text=vertical%20landing&text=propulsion%20system&text=liquid%20propellant&text=solid%20rocket%20booster
2025-02-26,1069258,0001069258-25-000008,ktos-20241229.htm,launch,https://www.sec.gov/Archives/edgar/data/1069258/000106925825000008/ktos-20241229.htm#:~:text=launch%20vehicle&text=launch%20services&text=orbital%20launch&text=satellite%20launch&text=rocket%20launch&text=spacecraft%20launch&text=launch%20facility&text=launch%20pad&text=reusable%20rocket&text=vertical%20landing&text=propulsion%20system&text=liquid%20propellant&text=solid%20rocket%20booster
2025-02-25,1811210,0001628280-25-007725,lcid-20241231.htm,launch,https://www.sec.gov/Archives/edgar/data/1811210/000162828025007725/lcid-20241231.htm#:~:text=launch%20vehicle&text=launch%20services&text=orbital%20launch&text=satellite%20launch&text=rocket%20launch&text=spacecraft%20launch&text=launch%20facility&text=launch%20pad&text=reusable%20rocket&text=vertical%20landing&text=propulsion%20system&text=liquid%20propellant&text=solid%20rocket%20booster
2025-02-07,1521332,0001521332-25-000010,aptv-20241231.htm,launch,https://www.sec.gov/Archives/edgar/data/1521332/000152133225000010/aptv-20241231.htm#:~:text=launch%20vehicle&text=launch%20services&text=orbital%20launch&text=satellite%20launch&text=rocket%20launch&text=spacecraft%20launch&text=launch%20facility&text=launch%20pad&text=reusable%20rocket&text=vertical%20landing&text=propulsion%20system&text=liquid%20propellant&text=solid%20rocket%20booster
2025-03-17,1850270,0000950170-25-040483,prok-20241231.htm,launch,https://www.sec.gov/Archives/edgar/data/1850270/000095017025040483/prok-20241231.htm#:~:text=launch%20vehicle&text=launch%20services&text=orbital%20launch&text=satellite%20launch&text=rocket%20launch&text=spacecraft%20launch&text=launch%20facility&text=launch%20pad&text=reusable%20rocket&text=vertical%20landing&text=propulsion%20system&text=liquid%20propellant&text=solid%20rocket%20booster
2025-03-12,1001082,0001558370-25-002818,dish-20241231x10k.htm,launch,https://www.sec.gov/Archives/edgar/data/1001082/000155837025002818/dish-20241231x10k.htm#:~:text=launch%20vehicle&text=launch%20services&text=orbital%20launch&text=satellite%20launch&text=rocket%20launch&text=spacecraft%20launch&text=launch%20facility&text=launch%20pad&text=reusable%20rocket&text=vertical%20landing&text=propulsion%20system&text=liquid%20propellant&text=solid%20rocket%20booster
2024-03-29,1001082,0001558370-24-004386,dish-20231231x10k.htm,launch,https://www.sec.gov/Archives/edgar/data/1001082/000155837024004386/dish-20231231x10k.htm#:~:text=launch%20vehicle&text=launch%20services&text=orbital%20launch&text=satellite%20launch&text=rocket%20launch&text=spacecraft%20launch&text=launch%20facility&text=launch%20pad&text=reusable%20rocket&text=vertical%20landing&text=propulsion%20system&text=liquid%20propellant&text=solid%20rocket%20booster
2025-03-20,1730463,0001730463-25-000019,autl-20241231.htm,launch,https://www.sec.gov/Archives/edgar/data/1730463/000173046325000019/autl-20241231.htm#:~:text=launch%20vehicle&text=launch%20services&text=orbital%20launch&text=satellite%20launch&text=rocket%20launch&text=spacecraft%20launch&text=launch%20facility&text=launch%20pad&text=reusable%20rocket&text=vertical%20landing&text=propulsion%20system&text=liquid%20propellant&text=solid%20rocket%20booster
2025-03-05,1699031,0001699031-25-000041,gral-20241231.htm,launch,https://www.sec.gov/Archives/edgar/data/1699031/000169903125000041/gral-20241231.htm#:~:text=launch%20vehicle&text=launch%20services&text=orbital%20launch&text=satellite%20launch&text=rocket%20launch&text=spacecraft%20launch&text=launch%20facility&text=launch%20pad&text=reusable%20rocket&text=vertical%20landing&text=propulsion%20system&text=liquid%20propellant&text=solid%20rocket%20booster
2025-02-27,1415404,0001558370-25-001663,tmb-20241231x10k.htm,launch,https://www.sec.gov/Archives/edgar/data/1415404/000155837025001663/tmb-20241231x10k.htm#:~:text=launch%20vehicle&text=launch%20services&text=orbital%20launch&text=satellite%20launch&text=rocket%20launch&text=spacecraft%20launch&text=launch%20facility&text=launch%20pad&text=reusable%20rocket&text=vertical%20landing&text=propulsion%20system&text=liquid%20propellant&text=solid%20rocket%20booster
2025-03-03,1326110,0001326110-25-000033,ibrx-20241231.htm,launch,https://www.sec.gov/Archives/edgar/data/1326110/000132611025000033/ibrx-20241231.htm#:~:text=launch%20vehicle&text=launch%20services&text=orbital%20launch&text=satellite%20launch&text=rocket%20launch&text=spacecraft%20launch&text=launch%20facility&text=launch%20pad&text=reusable%20rocket&text=vertical%20landing&text=propulsion%20system&text=liquid%20propellant&text=solid%20rocket%20booster
2025-02-14,1158463,0001158463-25-000005,exhibit106jairbus-amendmen.htm,launch,https://www.sec.gov/Archives/edgar/data/1158463/000115846325000005/exhibit106jairbus-amendmen.htm#:~:text=launch%20vehicle&text=launch%20services&text=orbital%20launch&text=satellite%20launch&text=rocket%20launch&text=spacecraft%20launch&text=launch%20facility&text=launch%20pad&text=reusable%20rocket&text=vertical%20landing&text=propulsion%20system&text=liquid%20propellant&text=solid%20rocket%20booster
2025-02-11,27904,0000027904-25-000004,dal12312024ex109a.htm,launch,https://www.sec.gov/Archives/edgar/data/27904/000002790425000004/dal12312024ex109a.htm#:~:text=launch%20vehicle&text=launch%20services&text=orbital%20launch&text=satellite%20launch&text=rocket%20launch&text=spacecraft%20launch&text=launch%20facility&text=launch%20pad&text=reusable%20rocket&text=vertical%20landing&text=propulsion%20system&text=liquid%20propellant&text=solid%20rocket%20booster
2025-01-28,1467858,0001467858-25-000032,ex-21xsignificantsubsidiar.htm,launch,https://www.sec.gov/Archives/edgar/data/1467858/000146785825000032/ex-21xsignificantsubsidiar.htm#:~:text=launch%20vehicle&text=launch%20services&text=orbital%20launch&text=satellite%20launch&text=rocket%20launch&text=spacecraft%20launch&text=launch%20facility&text=launch%20pad&text=reusable%20rocket&text=vertical%20landing&text=propulsion%20system&text=liquid%20propellant&text=solid%20rocket%20booster
2024-04-01,1530185,0001376474-24-000150,atvk-20231231.htm,launch,https://www.sec.gov/Archives/edgar/data/1530185/000137647424000150/atvk-20231231.htm#:~:text=launch%20vehicle&text=launch%20services&text=orbital%20launch&text=satellite%20launch&text=rocket%20launch&text=spacecraft%20launch&text=launch%20facility&text=launch%20pad&text=reusable%20rocket&text=vertical%20landing&text=propulsion%20system&text=liquid%20propellant&text=solid%20rocket%20booster
2024-03-27,1901305,0001731122-24-000498,e5513_10k.htm,launch,https://www.sec.gov/Archives/edgar/data/1901305/000173112224000498/e5513_10k.htm#:~:text=launch%20vehicle&text=launch%20services&text=orbital%20launch&text=satellite%20launch&text=rocket%20launch&text=spacecraft%20launch&text=launch%20facility&text=launch%20pad&text=reusable%20rocket&text=vertical%20landing&text=propulsion%20system&text=liquid%20propellant&text=solid%20rocket%20booster
2024-03-27,1855509,0001731122-24-000500,e5519_10k.htm,launch,https://www.sec.gov/Archives/edgar/data/1855509/000173112224000500/e5519_10k.htm#:~:text=launch%20vehicle&text=launch%20services&text=orbital%20launch&text=satellite%20launch&text=rocket%20launch&text=spacecraft%20launch&text=launch%20facility&text=launch%20pad&text=reusable%20rocket&text=vertical%20landing&text=propulsion%20system&text=liquid%20propellant&text=solid%20rocket%20booster
2024-05-28,1805521,0001628280-24-025420,ffie-20231231.htm,launch,https://www.sec.gov/Archives/edgar/data/1805521/000162828024025420/ffie-20231231.htm#:~:text=launch%20vehicle&text=launch%20services&text=orbital%20launch&text=satellite%20launch&text=rocket%20launch&text=spacecraft%20launch&text=launch%20facility&text=launch%20pad&text=reusable%20rocket&text=vertical%20landing&text=propulsion%20system&text=liquid%20propellant&text=solid%20rocket%20booster
2024-03-29,1407878,0001493152-24-011984,form10-k.htm,launch,https://www.sec.gov/Archives/edgar/data/1407878/000149315224011984/form10-k.htm#:~:text=launch%20vehicle&text=launch%20services&text=orbital%20launch&text=satellite%20launch&text=rocket%20launch&text=spacecraft%20launch&text=launch%20facility&text=launch%20pad&text=reusable%20rocket&text=vertical%20landing&text=propulsion%20system&text=liquid%20propellant&text=solid%20rocket%20booster
2025-02-05,717605,0000950170-25-014412,hxl-20241231.htm,launch,https://www.sec.gov/Archives/edgar/data/717605/000095017025014412/hxl-20241231.htm#:~:text=launch%20vehicle&text=launch%20services&text=orbital%20launch&text=satellite%20launch&text=rocket%20launch&text=spacecraft%20launch&text=launch%20facility&text=launch%20pad&text=reusable%20rocket&text=vertical%20landing&text=propulsion%20system&text=liquid%20propellant&text=solid%20rocket%20booster
2024-03-29,1936224,0000950170-24-038767,srfm-20231231.htm,launch,https://www.sec.gov/Archives/edgar/data/1936224/000095017024038767/srfm-20231231.htm#:~:text=launch%20vehicle&text=launch%20services&text=orbital%20launch&text=satellite%20launch&text=rocket%20launch&text=spacecraft%20launch&text=launch%20facility&text=launch%20pad&text=reusable%20rocket&text=vertical%20landing&text=propulsion%20system&text=liquid%20propellant&text=solid%20rocket%20booster
2024-04-15,1009891,0001213900-24-033018,ea0202428-10k_air.htm,launch,https://www.sec.gov/Archives/edgar/data/1009891/000121390024033018/ea0202428-10k_air.htm#:~:text=launch%20vehicle&text=launch%20services&text=orbital%20launch&text=satellite%20launch&text=rocket%20launch&text=spacecraft%20launch&text=launch%20facility&text=launch%20pad&text=reusable%20rocket&text=vertical%20landing&text=propulsion%20system&text=liquid%20propellant&text=solid%20rocket%20booster
2025-03-13,1779128,0001779128-25-000010,blde-20241231.htm,launch,https://www.sec.gov/Archives/edgar/data/1779128/000177912825000010/blde-20241231.htm#:~:text=launch%20vehicle&text=launch%20services&text=orbital%20launch&text=satellite%20launch&text=rocket%20launch&text=spacecraft%20launch&text=launch%20facility&text=launch%20pad&text=reusable%20rocket&text=vertical%20landing&text=propulsion%20system&text=liquid%20propellant&text=solid%20rocket%20booster
2025-03-20,1855509,0001731122-25-000412,e6435_10k.htm,launch,https://www.sec.gov/Archives/edgar/data/1855509/000173112225000412/e6435_10k.htm#:~:text=launch%20vehicle&text=launch%20services&text=orbital%20launch&text=satellite%20launch&text=rocket%20launch&text=spacecraft%20launch&text=launch%20facility&text=launch%20pad&text=reusable%20rocket&text=vertical%20landing&text=propulsion%20system&text=liquid%20propellant&text=solid%20rocket%20booster
2024-11-14,1057060,0000950170-24-127036,hzo-20240930.htm,launch,https://www.sec.gov/Archives/edgar/data/1057060/000095017024127036/hzo-20240930.htm#:~:text=launch%20vehicle&text=launch%20services&text=orbital%20launch&text=satellite%20launch&text=rocket%20launch&text=spacecraft%20launch&text=launch%20facility&text=launch%20pad&text=reusable%20rocket&text=vertical%20landing&text=propulsion%20system&text=liquid%20propellant&text=solid%20rocket%20booster
2025-03-21,1936224,0000950170-25-043326,srfm-20241231.htm,launch,https://www.sec.gov/Archives/edgar/data/1936224/000095017025043326/srfm-20241231.htm#:~:text=launch%20vehicle&text=launch%20services&text=orbital%20launch&text=satellite%20launch&text=rocket%20launch&text=spacecraft%20launch&text=launch%20facility&text=launch%20pad&text=reusable%20rocket&text=vertical%20landing&text=propulsion%20system&text=liquid%20propellant&text=solid%20rocket%20booster
2025-02-03,101829,0000101829-25-000005,rtx-20241231.htm,launch,https://www.sec.gov/Archives/edgar/data/101829/000010182925000005/rtx-20241231.htm#:~:text=launch%20vehicle&text=launch%20services&text=orbital%20launch&text=satellite%20launch&text=rocket%20launch&text=spacecraft%20launch&text=launch%20facility&text=launch%20pad&text=reusable%20rocket&text=vertical%20landing&text=propulsion%20system&text=liquid%20propellant&text=solid%20rocket%20booster
2025-03-11,1823652,0001554855-25-000157,evex-20241231.htm,launch,https://www.sec.gov/Archives/edgar/data/1823652/000155485525000157/evex-20241231.htm#:~:text=launch%20vehicle&text=launch%20services&text=orbital%20launch&text=satellite%20launch&text=rocket%20launch&text=spacecraft%20launch&text=launch%20facility&text=launch%20pad&text=reusable%20rocket&text=vertical%20landing&text=propulsion%20system&text=liquid%20propellant&text=solid%20rocket%20booster
2024-08-13,1744494,0001829126-24-005453,adventtech_10k.htm,launch,https://www.sec.gov/Archives/edgar/data/1744494/000182912624005453/adventtech_10k.htm#:~:text=launch%20vehicle&text=launch%20services&text=orbital%20launch&text=satellite%20launch&text=rocket%20launch&text=spacecraft%20launch&text=launch%20facility&text=launch%20pad&text=reusable%20rocket&text=vertical%20landing&text=propulsion%20system&text=liquid%20propellant&text=solid%20rocket%20booster
2025-02-13,1411207,0000950170-25-019379,alsn-20241231.htm,launch,https://www.sec.gov/Archives/edgar/data/1411207/000095017025019379/alsn-20241231.htm#:~:text=launch%20vehicle&text=launch%20services&text=orbital%20launch&text=satellite%20launch&text=rocket%20launch&text=spacecraft%20launch&text=launch%20facility&text=launch%20pad&text=reusable%20rocket&text=vertical%20landing&text=propulsion%20system&text=liquid%20propellant&text=solid%20rocket%20booster
2024-06-07,716314,0000950170-24-070222,ghm-20240331.htm,launch,https://www.sec.gov/Archives/edgar/data/716314/000095017024070222/ghm-20240331.htm#:~:text=launch%20vehicle&text=launch%20services&text=orbital%20launch&text=satellite%20launch&text=rocket%20launch&text=spacecraft%20launch&text=launch%20facility&text=launch%20pad&text=reusable%20rocket&text=vertical%20landing&text=propulsion%20system&text=liquid%20propellant&text=solid%20rocket%20booster
2025-02-28,1824502,0001628280-25-008823,achr-20241231.htm,launch,https://www.sec.gov/Archives/edgar/data/1824502/000162828025008823/achr-20241231.htm#:~:text=launch%20vehicle&text=launch%20services&text=orbital%20launch&text=satellite%20launch&text=rocket%20launch&text=spacecraft%20launch&text=launch%20facility&text=launch%20pad&text=reusable%20rocket&text=vertical%20landing&text=propulsion%20system&text=liquid%20propellant&text=solid%20rocket%20booster
2025-02-03,40545,0000040545-25-000015,ge-20241231.htm,launch,https://www.sec.gov/Archives/edgar/data/40545/000004054525000015/ge-20241231.htm#:~:text=launch%20vehicle&text=launch%20services&text=orbital%20launch&text=satellite%20launch&text=rocket%20launch&text=spacecraft%20launch&text=launch%20facility&text=launch%20pad&text=reusable%20rocket&text=vertical%20landing&text=propulsion%20system&text=liquid%20propellant&text=solid%20rocket%20booster
2025-03-03,1833756,0001628280-25-009248,drs-20241231.htm,launch,https://www.sec.gov/Archives/edgar/data/1833756/000162828025009248/drs-20241231.htm#:~:text=launch%20vehicle&text=launch%20services&text=orbital%20launch&text=satellite%20launch&text=rocket%20launch&text=spacecraft%20launch&text=launch%20facility&text=launch%20pad&text=reusable%20rocket&text=vertical%20landing&text=propulsion%20system&text=liquid%20propellant&text=solid%20rocket%20booster
2025-02-03,12927,0000012927-25-000015,ba-20241231.htm,launch,https://www.sec.gov/Archives/edgar/data/12927/000001292725000015/ba-20241231.htm#:~:text=launch%20vehicle&text=launch%20services&text=orbital%20launch&text=satellite%20launch&text=rocket%20launch&text=spacecraft%20launch&text=launch%20facility&text=launch%20pad&text=reusable%20rocket&text=vertical%20landing&text=propulsion%20system&text=liquid%20propellant&text=solid%20rocket%20booster
2025-02-21,93410,0000093410-25-000009,cvx-20241231.htm,launch,https://www.sec.gov/Archives/edgar/data/93410/000009341025000009/cvx-20241231.htm#:~:text=launch%20vehicle&text=launch%20services&text=orbital%20launch&text=satellite%20launch&text=rocket%20launch&text=spacecraft%20launch&text=launch%20facility&text=launch%20pad&text=reusable%20rocket&text=vertical%20landing&text=propulsion%20system&text=liquid%20propellant&text=solid%20rocket%20booster
2024-04-16,1529113,0001628280-24-016449,inpx-20231231.htm,launch,https://www.sec.gov/Archives/edgar/data/1529113/000162828024016449/inpx-20231231.htm#:~:text=launch%20vehicle&text=launch%20services&text=orbital%20launch&text=satellite%20launch&text=rocket%20launch&text=spacecraft%20launch&text=launch%20facility&text=launch%20pad&text=reusable%20rocket&text=vertical%20landing&text=propulsion%20system&text=liquid%20propellant&text=solid%20rocket%20booster
2025-03-26,1874315,0001628280-25-014951,satl-20241231.htm,satellite,https://www.sec.gov/Archives/edgar/data/1874315/000162828025014951/satl-20241231.htm#:~:text=satellite%20constellation&text=satellite%20network&text=earth%20observation%20satellite&text=communication%20satellite&text=satellite%20imagery&text=satellite%20manufacturing&text=low%20earth%20orbit&text=LEO%20satellite&text=geostationary%20orbit&text=GEO%20satellite&text=medium%20earth%20orbit&text=satellite%20deployment
2025-02-13,1418819,0001628280-25-005302,irdm-20241231.htm,satellite,https://www.sec.gov/Archives/edgar/data/1418819/000162828025005302/irdm-20241231.htm#:~:text=satellite%20constellation&text=satellite%20network&text=earth%20observation%20satellite&text=communication%20satellite&text=satellite%20imagery&text=satellite%20manufacturing&text=low%20earth%20orbit&text=LEO%20satellite&text=geostationary%20orbit&text=GEO%20satellite&text=medium%20earth%20orbit&text=satellite%20deployment
2025-02-28,1366868,0001366868-25-000033,gsat-20241231.htm,satellite,https://www.sec.gov/Archives/edgar/data/1366868/000136686825000033/gsat-20241231.htm#:~:text=satellite%20constellation&text=satellite%20network&text=earth%20observation%20satellite&text=communication%20satellite&text=satellite%20imagery&text=satellite%20manufacturing&text=low%20earth%20orbit&text=LEO%20satellite&text=geostationary%20orbit&text=GEO%20satellite&text=medium%20earth%20orbit&text=satellite%20deployment
2024-03-27,1879726,0001493152-24-011394,form10-k.htm,satellite,https://www.sec.gov/Archives/edgar/data/1879726/000149315224011394/form10-k.htm#:~:text=satellite%20constellation&text=satellite%20network&text=earth%20observation%20satellite&text=communication%20satellite&text=satellite%20imagery&text=satellite%20manufacturing&text=low%20earth%20orbit&text=LEO%20satellite&text=geostationary%20orbit&text=GEO%20satellite&text=medium%20earth%20orbit&text=satellite%20deployment
2025-03-26,1836833,0001836833-25-000050,pl-20250131.htm,satellite,https://www.sec.gov/Archives/edgar/data/1836833/000183683325000050/pl-20250131.htm#:~:text=satellite%20constellation&text=satellite%20network&text=earth%20observation%20satellite&text=communication%20satellite&text=satellite%20imagery&text=satellite%20manufacturing&text=low%20earth%20orbit&text=LEO%20satellite&text=geostationary%20orbit&text=GEO%20satellite&text=medium%20earth%20orbit&text=satellite%20deployment
2025-03-20,1753539,0001753539-25-000030,bksy-20241231.htm,satellite,https://www.sec.gov/Archives/edgar/data/1753539/000175353925000030/bksy-20241231.htm#:~:text=satellite%20constellation&text=satellite%20network&text=earth%20observation%20satellite&text=communication%20satellite&text=satellite%20imagery&text=satellite%20manufacturing&text=low%20earth%20orbit&text=LEO%20satellite&text=geostationary%20orbit&text=GEO%20satellite&text=medium%20earth%20orbit&text=satellite%20deployment
2025-03-03,1780312,0000950170-25-030909,asts-20241231.htm,satellite,https://www.sec.gov/Archives/edgar/data/1780312/000095017025030909/asts-20241231.htm#:~:text=satellite%20constellation&text=satellite%20network&text=earth%20observation%20satellite&text=communication%20satellite&text=satellite%20imagery&text=satellite%20manufacturing&text=low%20earth%20orbit&text=LEO%20satellite&text=geostationary%20orbit&text=GEO%20satellite&text=medium%20earth%20orbit&text=satellite%20deployment
2024-04-01,1835512,0000950170-24-039442,llap-20231231.htm,satellite,https://www.sec.gov/Archives/edgar/data/1835512/000095017024039442/llap-20231231.htm#:~:text=satellite%20constellation&text=satellite%20network&text=earth%20observation%20satellite&text=communication%20satellite&text=satellite%20imagery&text=satellite%20manufacturing&text=low%20earth%20orbit&text=LEO%20satellite&text=geostationary%20orbit&text=GEO%20satellite&text=medium%20earth%20orbit&text=satellite%20deployment
2025-03-14,1537054,0000950170-25-039384,gogo-20241231.htm,satellite,https://www.sec.gov/Archives/edgar/data/1537054/000095017025039384/gogo-20241231.htm#:~:text=satellite%20constellation&text=satellite%20network&text=earth%20observation%20satellite&text=communication%20satellite&text=satellite%20imagery&text=satellite%20manufacturing&text=low%20earth%20orbit&text=LEO%20satellite&text=geostationary%20orbit&text=GEO%20satellite&text=medium%20earth%20orbit&text=satellite%20deployment
2025-02-07,1018724,0001018724-25-000004,amzn-20241231.htm,satellite,https://www.sec.gov/Archives/edgar/data/1018724/000101872425000004/amzn-20241231.htm#:~:text=satellite%20constellation&text=satellite%20network&text=earth%20observation%20satellite&text=communication%20satellite&text=satellite%20imagery&text=satellite%20manufacturing&text=low%20earth%20orbit&text=LEO%20satellite&text=geostationary%20orbit&text=GEO%20satellite&text=medium%20earth%20orbit&text=satellite%20deployment
2024-05-07,1590496,0001213900-24-040309,ea0203967-10k_aerkomm.htm,satellite,https://www.sec.gov/Archives/edgar/data/1590496/000121390024040309/ea0203967-10k_aerkomm.htm#:~:text=satellite%20constellation&text=satellite%20network&text=earth%20observation%20satellite&text=communication%20satellite&text=satellite%20imagery&text=satellite%20manufacturing&text=low%20earth%20orbit&text=LEO%20satellite&text=geostationary%20orbit&text=GEO%20satellite&text=medium%20earth%20orbit&text=satellite%20deployment
2024-03-29,1836833,0001836833-24-000037,pl-20240131.htm,satellite,https://www.sec.gov/Archives/edgar/data/1836833/000183683324000037/pl-20240131.htm#:~:text=satellite%20constellation&text=satellite%20network&text=earth%20observation%20satellite&text=communication%20satellite&text=satellite%20imagery&text=satellite%20manufacturing&text=low%20earth%20orbit&text=LEO%20satellite&text=geostationary%20orbit&text=GEO%20satellite&text=medium%20earth%20orbit&text=satellite%20deployment
2025-02-27,1581760,0001581760-25-000008,exhibit1031-hubbleagreemen.htm,satellite,https://www.sec.gov/Archives/edgar/data/1581760/000158176025000008/exhibit1031-hubbleagreemen.htm#:~:text=satellite%20constellation&text=satellite%20network&text=earth%20observation%20satellite&text=communication%20satellite&text=satellite%20imagery&text=satellite%20manufacturing&text=low%20earth%20orbit&text=LEO%20satellite&text=geostationary%20orbit&text=GEO%20satellite&text=medium%20earth%20orbit&text=satellite%20deployment
2024-10-30,23197,0000023197-24-000104,exhibit21fy24.htm,satellite,https://www.sec.gov/Archives/edgar/data/23197/000002319724000104/exhibit21fy24.htm#:~:text=satellite%20constellation&text=satellite%20network&text=earth%20observation%20satellite&text=communication%20satellite&text=satellite%20imagery&text=satellite%20manufacturing&text=low%20earth%20orbit&text=LEO%20satellite&text=geostationary%20orbit&text=GEO%20satellite&text=medium%20earth%20orbit&text=satellite%20deployment
2025-02-19,1121788,0000950170-25-022760,grmn-20241228.htm,satellite,https://www.sec.gov/Archives/edgar/data/1121788/000095017025022760/grmn-20241228.htm#:~:text=satellite%20constellation&text=satellite%20network&text=earth%20observation%20satellite&text=communication%20satellite&text=satellite%20imagery&text=satellite%20manufacturing&text=low%20earth%20orbit&text=LEO%20satellite&text=geostationary%20orbit&text=GEO%20satellite&text=medium%20earth%20orbit&text=satellite%20deployment
2024-04-01,1780312,0000950170-24-039342,asts-20231231.htm,satellite,https://www.sec.gov/Archives/edgar/data/1780312/000095017024039342/asts-20231231.htm#:~:text=satellite%20constellation&text=satellite%20network&text=earth%20observation%20satellite&text=communication%20satellite&text=satellite%20imagery&text=satellite%20manufacturing&text=low%20earth%20orbit&text=LEO%20satellite&text=geostationary%20orbit&text=GEO%20satellite&text=medium%20earth%20orbit&text=satellite%20deployment
2025-03-10,1007587,0001007587-25-000003,kvhi-20241231.htm,satellite,https://www.sec.gov/Archives/edgar/data/1007587/000100758725000003/kvhi-20241231.htm#:~:text=satellite%20constellation&text=satellite%20network&text=earth%20observation%20satellite&text=communication%20satellite&text=satellite%20imagery&text=satellite%20manufacturing&text=low%20earth%20orbit&text=LEO%20satellite&text=geostationary%20orbit&text=GEO%20satellite&text=medium%20earth%20orbit&text=satellite%20deployment
2024-05-29,797721,0000950170-24-066031,vsat-20240331.htm,satellite,https://www.sec.gov/Archives/edgar/data/797721/000095017024066031/vsat-20240331.htm#:~:text=satellite%20constellation&text=satellite%20network&text=earth%20observation%20satellite&text=communication%20satellite&text=satellite%20imagery&text=satellite%20manufacturing&text=low%20earth%20orbit&text=LEO%20satellite&text=geostationary%20orbit&text=GEO%20satellite&text=medium%20earth%20orbit&text=satellite%20deployment
2024-04-01,8504,0001493152-24-012100,form10-k.htm,satellite,https://www.sec.gov/Archives/edgar/data/8504/000149315224012100/form10-k.htm#:~:text=satellite%20constellation&text=satellite%20network&text=earth%20observation%20satellite&text=communication%20satellite&text=satellite%20imagery&text=satellite%20manufacturing&text=low%20earth%20orbit&text=LEO%20satellite&text=geostationary%20orbit&text=GEO%20satellite&text=medium%20earth%20orbit&text=satellite%20deployment
2024-03-29,1304409,0001683168-24-001836,athenagold_i10k-123123.htm,satellite,https://www.sec.gov/Archives/edgar/data/1304409/000168316824001836/athenagold_i10k-123123.htm#:~:text=satellite%20constellation&text=satellite%20network&text=earth%20observation%20satellite&text=communication%20satellite&text=satellite%20imagery&text=satellite%20manufacturing&text=low%20earth%20orbit&text=LEO%20satellite&text=geostationary%20orbit&text=GEO%20satellite&text=medium%20earth%20orbit&text=satellite%20deployment
2025-02-20,1675149,0000950170-25-024242,aa-ex96_1.htm,satellite,https://www.sec.gov/Archives/edgar/data/1675149/000095017025024242/aa-ex96_1.htm#:~:text=satellite%20constellation&text=satellite%20network&text=earth%20observation%20satellite&text=communication%20satellite&text=satellite%20imagery&text=satellite%20manufacturing&text=low%20earth%20orbit&text=LEO%20satellite&text=geostationary%20orbit&text=GEO%20satellite&text=medium%20earth%20orbit&text=satellite%20deployment
2025-02-20,832101,0000832101-25-000010,iex-20241231.htm,satellite,https://www.sec.gov/Archives/edgar/data/832101/000083210125000010/iex-20241231.htm#:~:text=satellite%20constellation&text=satellite%20network&text=earth%20observation%20satellite&text=communication%20satellite&text=satellite%20imagery&text=satellite%20manufacturing&text=low%20earth%20orbit&text=LEO%20satellite&text=geostationary%20orbit&text=GEO%20satellite&text=medium%20earth%20orbit&text=satellite%20deployment
2025-03-12,1865631,0001213900-25-023287,nn-20241231.htm,satellite,https://www.sec.gov/Archives/edgar/data/1865631/000121390025023287/nn-20241231.htm#:~:text=satellite%20constellation&text=satellite%20network&text=earth%20observation%20satellite&text=communication%20satellite&text=satellite%20imagery&text=satellite%20manufacturing&text=low%20earth%20orbit&text=LEO%20satellite&text=geostationary%20orbit&text=GEO%20satellite&text=medium%20earth%20orbit&text=satellite%20deployment
2025-02-27,1289945,0001289945-25-000008,spok-20241231.htm,satellite,https://www.sec.gov/Archives/edgar/data/1289945/000128994525000008/spok-20241231.htm#:~:text=satellite%20constellation&text=satellite%20network&text=earth%20observation%20satellite&text=communication%20satellite&text=satellite%20imagery&text=satellite%20manufacturing&text=low%20earth%20orbit&text=LEO%20satellite&text=geostationary%20orbit&text=GEO%20satellite&text=medium%20earth%20orbit&text=satellite%20deployment
2025-03-06,793524,0001493152-25-009377,form10-k.htm,satellite,https://www.sec.gov/Archives/edgar/data/793524/000149315225009377/form10-k.htm#:~:text=satellite%20constellation&text=satellite%20network&text=earth%20observation%20satellite&text=communication%20satellite&text=satellite%20imagery&text=satellite%20manufacturing&text=low%20earth%20orbit&text=LEO%20satellite&text=geostationary%20orbit&text=GEO%20satellite&text=medium%20earth%20orbit&text=satellite%20deployment
2024-07-25,1378140,0001493152-24-029074,form10-k.htm,satellite,https://www.sec.gov/Archives/edgar/data/1378140/000149315224029074/form10-k.htm#:~:text=satellite%20constellation&text=satellite%20network&text=earth%20observation%20satellite&text=communication%20satellite&text=satellite%20imagery&text=satellite%20manufacturing&text=low%20earth%20orbit&text=LEO%20satellite&text=geostationary%20orbit&text=GEO%20satellite&text=medium%20earth%20orbit&text=satellite%20deployment
2024-06-06,1781162,0001628280-24-026929,mnts-20231231.htm,satellite,https://www.sec.gov/Archives/edgar/data/1781162/000162828024026929/mnts-20231231.htm#:~:text=satellite%20constellation&text=satellite%20network&text=earth%20observation%20satellite&text=communication%20satellite&text=satellite%20imagery&text=satellite%20manufacturing&text=low%20earth%20orbit&text=LEO%20satellite&text=geostationary%20orbit&text=GEO%20satellite&text=medium%20earth%20orbit&text=satellite%20deployment
2025-02-14,106535,0000950170-25-021254,wy-20241231.htm,satellite,https://www.sec.gov/Archives/edgar/data/106535/000095017025021254/wy-20241231.htm#:~:text=satellite%20constellation&text=satellite%20network&text=earth%20observation%20satellite&text=communication%20satellite&text=satellite%20imagery&text=satellite%20manufacturing&text=low%20earth%20orbit&text=LEO%20satellite&text=geostationary%20orbit&text=GEO%20satellite&text=medium%20earth%20orbit&text=satellite%20deployment
2025-03-24,1058307,0001437749-25-008787,nxpl20241231_10k.htm,satellite,https://www.sec.gov/Archives/edgar/data/1058307/000143774925008787/nxpl20241231_10k.htm#:~:text=satellite%20constellation&text=satellite%20network&text=earth%20observation%20satellite&text=communication%20satellite&text=satellite%20imagery&text=satellite%20manufacturing&text=low%20earth%20orbit&text=LEO%20satellite&text=geostationary%20orbit&text=GEO%20satellite&text=medium%20earth%20orbit&text=satellite%20deployment
2024-07-01,1171838,0001493152-24-025765,form10-k.htm,satellite,https://www.sec.gov/Archives/edgar/data/1171838/000149315224025765/form10-k.htm#:~:text=satellite%20constellation&text=satellite%20network&text=earth%20observation%20satellite&text=communication%20satellite&text=satellite%20imagery&text=satellite%20manufacturing&text=low%20earth%20orbit&text=LEO%20satellite&text=geostationary%20orbit&text=GEO%20satellite&text=medium%20earth%20orbit&text=satellite%20deployment
2024-06-18,1577526,0001628280-24-028786,ai-20240430.htm,satellite,https://www.sec.gov/Archives/edgar/data/1577526/000162828024028786/ai-20240430.htm#:~:text=satellite%20constellation&text=satellite%20network&text=earth%20observation%20satellite&text=communication%20satellite&text=satellite%20imagery&text=satellite%20manufacturing&text=low%20earth%20orbit&text=LEO%20satellite&text=geostationary%20orbit&text=GEO%20satellite&text=medium%20earth%20orbit&text=satellite%20deployment
2025-03-07,1838359,0001558370-25-002499,rgti-20241231x10k.htm,satellite,https://www.sec.gov/Archives/edgar/data/1838359/000155837025002499/rgti-20241231x10k.htm#:~:text=satellite%20constellation&text=satellite%20network&text=earth%20observation%20satellite&text=communication%20satellite&text=satellite%20imagery&text=satellite%20manufacturing&text=low%20earth%20orbit&text=LEO%20satellite&text=geostationary%20orbit&text=GEO%20satellite&text=medium%20earth%20orbit&text=satellite%20deployment
2024-04-15,1448705,0001079973-24-000548,basa_10k-123123.htm,satellite,https://www.sec.gov/Archives/edgar/data/1448705/000107997324000548/basa_10k-123123.htm#:~:text=satellite%20constellation&text=satellite%20network&text=earth%20observation%20satellite&text=communication%20satellite&text=satellite%20imagery&text=satellite%20manufacturing&text=low%20earth%20orbit&text=LEO%20satellite&text=geostationary%20orbit&text=GEO%20satellite&text=medium%20earth%20orbit&text=satellite%20deployment
2024-04-11,1058307,0001437749-24-011806,nxpl20221231_10k.htm,satellite,https://www.sec.gov/Archives/edgar/data/1058307/000143774924011806/nxpl20221231_10k.htm#:~:text=satellite%20constellation&text=satellite%20network&text=earth%20observation%20satellite&text=communication%20satellite&text=satellite%20imagery&text=satellite%20manufacturing&text=low%20earth%20orbit&text=LEO%20satellite&text=geostationary%20orbit&text=GEO%20satellite&text=medium%20earth%20orbit&text=satellite%20deployment
2025-02-07,40533,0000040533-25-000008,gd-20241231.htm,satellite,https://www.sec.gov/Archives/edgar/data/40533/000004053325000008/gd-20241231.htm#:~:text=satellite%20constellation&text=satellite%20network&text=earth%20observation%20satellite&text=communication%20satellite&text=satellite%20imagery&text=satellite%20manufacturing&text=low%20earth%20orbit&text=LEO%20satellite&text=geostationary%20orbit&text=GEO%20satellite&text=medium%20earth%20orbit&text=satellite%20deployment
2025-03-11,1819810,0001819810-25-000063,rdw-20241231.htm,satellite,https://www.sec.gov/Archives/edgar/data/1819810/000181981025000063/rdw-20241231.htm#:~:text=satellite%20constellation&text=satellite%20network&text=earth%20observation%20satellite&text=communication%20satellite&text=satellite%20imagery&text=satellite%20manufacturing&text=low%20earth%20orbit&text=LEO%20satellite&text=geostationary%20orbit&text=GEO%20satellite&text=medium%20earth%20orbit&text=satellite%20deployment
2025-02-19,1410636,0001410636-25-000022,awk-20241231.htm,satellite,https://www.sec.gov/Archives/edgar/data/1410636/000141063625000022/awk-20241231.htm#:~:text=satellite%20constellation&text=satellite%20network&text=earth%20observation%20satellite&text=communication%20satellite&text=satellite%20imagery&text=satellite%20manufacturing&text=low%20earth%20orbit&text=LEO%20satellite&text=geostationary%20orbit&text=GEO%20satellite&text=medium%20earth%20orbit&text=satellite%20deployment
2024-11-14,1074828,0001654954-24-014480,knwn_10k.htm,satellite,https://www.sec.gov/Archives/edgar/data/1074828/000165495424014480/knwn_10k.htm#:~:text=satellite%20constellation&text=satellite%20network&text=earth%20observation%20satellite&text=communication%20satellite&text=satellite%20imagery&text=satellite%20manufacturing&text=low%20earth%20orbit&text=LEO%20satellite&text=geostationary%20orbit&text=GEO%20satellite&text=medium%20earth%20orbit&text=satellite%20deployment
2024-04-16,1811109,0001213900-24-033517,ea0203714-10k_applied.htm,satellite,https://www.sec.gov/Archives/edgar/data/1811109/000121390024033517/ea0203714-10k_applied.htm#:~:text=satellite%20constellation&text=satellite%20network&text=earth%20observation%20satellite&text=communication%20satellite&text=satellite%20imagery&text=satellite%20manufacturing&text=low%20earth%20orbit&text=LEO%20satellite&text=geostationary%20orbit&text=GEO%20satellite&text=medium%20earth%20orbit&text=satellite%20deployment
2024-04-18,1814329,0000950170-24-045209,astr-20231231.htm,satellite,https://www.sec.gov/Archives/edgar/data/1814329/000095017024045209/astr-20231231.htm#:~:text=satellite%20constellation&text=satellite%20network&text=earth%20observation%20satellite&text=communication%20satellite&text=satellite%20imagery&text=satellite%20manufacturing&text=low%20earth%20orbit&text=LEO%20satellite&text=geostationary%20orbit&text=GEO%20satellite&text=medium%20earth%20orbit&text=satellite%20deployment
2025-03-19,1394056,0000950170-25-041974,oss-20241231.htm,satellite,https://www.sec.gov/Archives/edgar/data/1394056/000095017025041974/oss-20241231.htm#:~:text=satellite%20constellation&text=satellite%20network&text=earth%20observation%20satellite&text=communication%20satellite&text=satellite%20imagery&text=satellite%20manufacturing&text=low%20earth%20orbit&text=LEO%20satellite&text=geostationary%20orbit&text=GEO%20satellite&text=medium%20earth%20orbit&text=satellite%20deployment
2025-03-25,1844452,0001844452-25-000023,lunr-20241231.htm,satellite,https://www.sec.gov/Archives/edgar/data/1844452/000184445225000023/lunr-20241231.htm#:~:text=satellite%20constellation&text=satellite%20network&text=earth%20observation%20satellite&text=communication%20satellite&text=satellite%20imagery&text=satellite%20manufacturing&text=low%20earth%20orbit&text=LEO%20satellite&text=geostationary%20orbit&text=GEO%20satellite&text=medium%20earth%20orbit&text=satellite%20deployment
2025-02-19,1385280,0000950170-25-022756,cnk-20241231.htm,satellite,https://www.sec.gov/Archives/edgar/data/1385280/000095017025022756/cnk-20241231.htm#:~:text=satellite%20constellation&text=satellite%20network&text=earth%20observation%20satellite&text=communication%20satellite&text=satellite%20imagery&text=satellite%20manufacturing&text=low%20earth%20orbit&text=LEO%20satellite&text=geostationary%20orbit&text=GEO%20satellite&text=medium%20earth%20orbit&text=satellite%20deployment
2025-02-19,885975,0000950170-25-022756,cnk-20241231.htm,satellite,https://www.sec.gov/Archives/edgar/data/885975/000095017025022756/cnk-20241231.htm#:~:text=satellite%20constellation&text=satellite%20network&text=earth%20observation%20satellite&text=communication%20satellite&text=satellite%20imagery&text=satellite%20manufacturing&text=low%20earth%20orbit&text=LEO%20satellite&text=geostationary%20orbit&text=GEO%20satellite&text=medium%20earth%20orbit&text=satellite%20deployment
2025-02-27,1819994,0001628280-25-008724,rklb-20241231.htm,satellite,https://www.sec.gov/Archives/edgar/data/1819994/000162828025008724/rklb-20241231.htm#:~:text=satellite%20constellation&text=satellite%20network&text=earth%20observation%20satellite&text=communication%20satellite&text=satellite%20imagery&text=satellite%20manufacturing&text=low%20earth%20orbit&text=LEO%20satellite&text=geostationary%20orbit&text=GEO%20satellite&text=medium%20earth%20orbit&text=satellite%20deployment
2024-04-01,1533758,0001533758-24-000007,hssc-20231231.htm,satellite,https://www.sec.gov/Archives/edgar/data/1533758/000153375824000007/hssc-20231231.htm#:~:text=satellite%20constellation&text=satellite%20network&text=earth%20observation%20satellite&text=communication%20satellite&text=satellite%20imagery&text=satellite%20manufacturing&text=low%20earth%20orbit&text=LEO%20satellite&text=geostationary%20orbit&text=GEO%20satellite&text=medium%20earth%20orbit&text=satellite%20deployment
2025-03-12,1533758,0001558370-25-002821,hssc-20241231x10k.htm,satellite,https://www.sec.gov/Archives/edgar/data/1533758/000155837025002821/hssc-20241231x10k.htm#:~:text=satellite%20constellation&text=satellite%20network&text=earth%20observation%20satellite&text=communication%20satellite&text=satellite%20imagery&text=satellite%20manufacturing&text=low%20earth%20orbit&text=LEO%20satellite&text=geostationary%20orbit&text=GEO%20satellite&text=medium%20earth%20orbit&text=satellite%20deployment
2024-03-29,1407878,0001493152-24-011984,form10-k.htm,satellite,https://www.sec.gov/Archives/edgar/data/1407878/000149315224011984/form10-k.htm#:~:text=satellite%20constellation&text=satellite%20network&text=earth%20observation%20satellite&text=communication%20satellite&text=satellite%20imagery&text=satellite%20manufacturing&text=low%20earth%20orbit&text=LEO%20satellite&text=geostationary%20orbit&text=GEO%20satellite&text=medium%20earth%20orbit&text=satellite%20deployment
2025-03-17,879585,0001558370-25-003128,atni-20241231x10k.htm,satellite,https://www.sec.gov/Archives/edgar/data/879585/000155837025003128/atni-20241231x10k.htm#:~:text=satellite%20constellation&text=satellite%20network&text=earth%20observation%20satellite&text=communication%20satellite&text=satellite%20imagery&text=satellite%20manufacturing&text=low%20earth%20orbit&text=LEO%20satellite&text=geostationary%20orbit&text=GEO%20satellite&text=medium%20earth%20orbit&text=satellite%20deployment
2024-10-04,1377789,0001377789-24-000043,avnw-20240628.htm,satellite,https://www.sec.gov/Archives/edgar/data/1377789/000137778924000043/avnw-20240628.htm#:~:text=satellite%20constellation&text=satellite%20network&text=earth%20observation%20satellite&text=communication%20satellite&text=satellite%20imagery&text=satellite%20manufacturing&text=low%20earth%20orbit&text=LEO%20satellite&text=geostationary%20orbit&text=GEO%20satellite&text=medium%20earth%20orbit&text=satellite%20deployment
2025-02-27,1173489,0001437749-25-005523,ceva20241231_10k.htm,satellite,https://www.sec.gov/Archives/edgar/data/1173489/000143774925005523/ceva20241231_10k.htm#:~:text=satellite%20constellation&text=satellite%20network&text=earth%20observation%20satellite&text=communication%20satellite&text=satellite%20imagery&text=satellite%20manufacturing&text=low%20earth%20orbit&text=LEO%20satellite&text=geostationary%20orbit&text=GEO%20satellite&text=medium%20earth%20orbit&text=satellite%20deployment
2024-08-02,39020,0001185185-24-000753,freqelec20240430_10k.htm,satellite,https://www.sec.gov/Archives/edgar/data/39020/000118518524000753/freqelec20240430_10k.htm#:~:text=satellite%20constellation&text=satellite%20network&text=earth%20observation%20satellite&text=communication%20satellite&text=satellite%20imagery&text=satellite%20manufacturing&text=low%20earth%20orbit&text=LEO%20satellite&text=geostationary%20orbit&text=GEO%20satellite&text=medium%20earth%20orbit&text=satellite%20deployment
2025-02-28,1065078,0001072613-25-000187,network1_10k-123124.htm,satellite,https://www.sec.gov/Archives/edgar/data/1065078/000107261325000187/network1_10k-123124.htm#:~:text=satellite%20constellation&text=satellite%20network&text=earth%20observation%20satellite&text=communication%20satellite&text=satellite%20imagery&text=satellite%20manufacturing&text=low%20earth%20orbit&text=LEO%20satellite&text=geostationary%20orbit&text=GEO%20satellite&text=medium%20earth%20orbit&text=satellite%20deployment
2025-02-12,732712,0000732712-25-000006,vz-20241231.htm,satellite,https://www.sec.gov/Archives/edgar/data/732712/000073271225000006/vz-20241231.htm#:~:text=satellite%20constellation&text=satellite%20network&text=earth%20observation%20satellite&text=communication%20satellite&text=satellite%20imagery&text=satellite%20manufacturing&text=low%20earth%20orbit&text=LEO%20satellite&text=geostationary%20orbit&text=GEO%20satellite&text=medium%20earth%20orbit&text=satellite%20deployment
2024-05-23,1866816,0001493152-24-021130,form10-k.htm,satellite,https://www.sec.gov/Archives/edgar/data/1866816/000149315224021130/form10-k.htm#:~:text=satellite%20constellation&text=satellite%20network&text=earth%20observation%20satellite&text=communication%20satellite&text=satellite%20imagery&text=satellite%20manufacturing&text=low%20earth%20orbit&text=LEO%20satellite&text=geostationary%20orbit&text=GEO%20satellite&text=medium%20earth%20orbit&text=satellite%20deployment
2024-06-27,1368622,0001558370-24-009515,avav-20240430x10k.htm,satellite,https://www.sec.gov/Archives/edgar/data/1368622/000155837024009515/avav-20240430x10k.htm#:~:text=satellite%20constellation&text=satellite%20network&text=earth%20observation%20satellite&text=communication%20satellite&text=satellite%20imagery&text=satellite%20manufacturing&text=low%20earth%20orbit&text=LEO%20satellite&text=geostationary%20orbit&text=GEO%20satellite&text=medium%20earth%20orbit&text=satellite%20deployment
2024-06-13,1126741,0001558370-24-009139,gsit-20240331x10k.htm,satellite,https://www.sec.gov/Archives/edgar/data/1126741/000155837024009139/gsit-20240331x10k.htm#:~:text=satellite%20constellation&text=satellite%20network&text=earth%20observation%20satellite&text=communication%20satellite&text=satellite%20imagery&text=satellite%20manufacturing&text=low%20earth%20orbit&text=LEO%20satellite&text=geostationary%20orbit&text=GEO%20satellite&text=medium%20earth%20orbit&text=satellite%20deployment
2025-02-20,68622,0000068622-25-000005,lumn-20241231.htm,satellite,https://www.sec.gov/Archives/edgar/data/68622/000006862225000005/lumn-20241231.htm#:~:text=satellite%20constellation&text=satellite%20network&text=earth%20observation%20satellite&text=communication%20satellite&text=satellite%20imagery&text=satellite%20manufacturing&text=low%20earth%20orbit&text=LEO%20satellite&text=geostationary%20orbit&text=GEO%20satellite&text=medium%20earth%20orbit&text=satellite%20deployment
2025-02-27,1944013,0001628280-25-008728,cr-20241231.htm,satellite,https://www.sec.gov/Archives/edgar/data/1944013/000162828025008728/cr-20241231.htm#:~:text=satellite%20constellation&text=satellite%20network&text=earth%20observation%20satellite&text=communication%20satellite&text=satellite%20imagery&text=satellite%20manufacturing&text=low%20earth%20orbit&text=LEO%20satellite&text=geostationary%20orbit&text=GEO%20satellite&text=medium%20earth%20orbit&text=satellite%20deployment
2024-04-01,1042642,0001558370-24-004539,ddbs-20231231x10k.htm,satellite,https://www.sec.gov/Archives/edgar/data/1042642/000155837024004539/ddbs-20231231x10k.htm#:~:text=satellite%20constellation&text=satellite%20network&text=earth%20observation%20satellite&text=communication%20satellite&text=satellite%20imagery&text=satellite%20manufacturing&text=low%20earth%20orbit&text=LEO%20satellite&text=geostationary%20orbit&text=GEO%20satellite&text=medium%20earth%20orbit&text=satellite%20deployment
2024-03-28,1495584,0001437749-24-009861,sccv20231231_10k.htm,satellite,https://www.sec.gov/Archives/edgar/data/1495584/000143774924009861/sccv20231231_10k.htm#:~:text=satellite%20constellation&text=satellite%20network&text=earth%20observation%20satellite&text=communication%20satellite&text=satellite%20imagery&text=satellite%20manufacturing&text=low%20earth%20orbit&text=LEO%20satellite&text=geostationary%20orbit&text=GEO%20satellite&text=medium%20earth%20orbit&text=satellite%20deployment
2025-02-27,1415404,0001558370-25-001663,tmb-20241231x10k.htm,satellite,https://www.sec.gov/Archives/edgar/data/1415404/000155837025001663/tmb-20241231x10k.htm#:~:text=satellite%20constellation&text=satellite%20network&text=earth%20observation%20satellite&text=communication%20satellite&text=satellite%20imagery&text=satellite%20manufacturing&text=low%20earth%20orbit&text=LEO%20satellite&text=geostationary%20orbit&text=GEO%20satellite&text=medium%20earth%20orbit&text=satellite%20deployment
2024-06-24,1807794,0001628280-24-029629,crdo-20240427.htm,satellite,https://www.sec.gov/Archives/edgar/data/1807794/000162828024029629/crdo-20240427.htm#:~:text=satellite%20constellation&text=satellite%20network&text=earth%20observation%20satellite&text=communication%20satellite&text=satellite%20imagery&text=satellite%20manufacturing&text=low%20earth%20orbit&text=LEO%20satellite&text=geostationary%20orbit&text=GEO%20satellite&text=medium%20earth%20orbit&text=satellite%20deployment
2024-12-19,40570,0001477932-24-008212,job_10k.htm,satellite,https://www.sec.gov/Archives/edgar/data/40570/000147793224008212/job_10k.htm#:~:text=satellite%20constellation&text=satellite%20network&text=earth%20observation%20satellite&text=communication%20satellite&text=satellite%20imagery&text=satellite%20manufacturing&text=low%20earth%20orbit&text=LEO%20satellite&text=geostationary%20orbit&text=GEO%20satellite&text=medium%20earth%20orbit&text=satellite%20deployment
2024-12-26,1855467,0001493152-24-051917,form10-k.htm,satellite,https://www.sec.gov/Archives/edgar/data/1855467/000149315224051917/form10-k.htm#:~:text=satellite%20constellation&text=satellite%20network&text=earth%20observation%20satellite&text=communication%20satellite&text=satellite%20imagery&text=satellite%20manufacturing&text=low%20earth%20orbit&text=LEO%20satellite&text=geostationary%20orbit&text=GEO%20satellite&text=medium%20earth%20orbit&text=satellite%20deployment
2025-02-20,20520,0001562762-25-000028,fybr-20241231x10k.htm,satellite,https://www.sec.gov/Archives/edgar/data/20520/000156276225000028/fybr-20241231x10k.htm#:~:text=satellite%20constellation&text=satellite%20network&text=earth%20observation%20satellite&text=communication%20satellite&text=satellite%20imagery&text=satellite%20manufacturing&text=low%20earth%20orbit&text=LEO%20satellite&text=geostationary%20orbit&text=GEO%20satellite&text=medium%20earth%20orbit&text=satellite%20deployment
2025-03-13,1897463,0001410578-25-000338,tmb-20241231x10k.htm,satellite,https://www.sec.gov/Archives/edgar/data/1897463/000141057825000338/tmb-20241231x10k.htm#:~:text=satellite%20constellation&text=satellite%20network&text=earth%20observation%20satellite&text=communication%20satellite&text=satellite%20imagery&text=satellite%20manufacturing&text=low%20earth%20orbit&text=LEO%20satellite&text=geostationary%20orbit&text=GEO%20satellite&text=medium%20earth%20orbit&text=satellite%20deployment
2025-01-28,936468,0000936468-25-000009,lmt-20241231.htm,satellite,https://www.sec.gov/Archives/edgar/data/936468/000093646825000009/lmt-20241231.htm#:~:text=satellite%20constellation&text=satellite%20network&text=earth%20observation%20satellite&text=communication%20satellite&text=satellite%20imagery&text=satellite%20manufacturing&text=low%20earth%20orbit&text=LEO%20satellite&text=geostationary%20orbit&text=GEO%20satellite&text=medium%20earth%20orbit&text=satellite%20deployment
2024-10-04,1823882,0001829126-24-006645,airspannetworks_10k.htm,satellite,https://www.sec.gov/Archives/edgar/data/1823882/000182912624006645/airspannetworks_10k.htm#:~:text=satellite%20constellation&text=satellite%20network&text=earth%20observation%20satellite&text=communication%20satellite&text=satellite%20imagery&text=satellite%20manufacturing&text=low%20earth%20orbit&text=LEO%20satellite&text=geostationary%20orbit&text=GEO%20satellite&text=medium%20earth%20orbit&text=satellite%20deployment
2025-02-19,275880,0000950170-25-022754,psn-20241231.htm,satellite,https://www.sec.gov/Archives/edgar/data/275880/000095017025022754/psn-20241231.htm#:~:text=satellite%20constellation&text=satellite%20network&text=earth%20observation%20satellite&text=communication%20satellite&text=satellite%20imagery&text=satellite%20manufacturing&text=low%20earth%20orbit&text=LEO%20satellite&text=geostationary%20orbit&text=GEO%20satellite&text=medium%20earth%20orbit&text=satellite%20deployment
2025-02-20,18926,0000018926-25-000010,lumn-20241231.htm,satellite,https://www.sec.gov/Archives/edgar/data/18926/000001892625000010/lumn-20241231.htm#:~:text=satellite%20constellation&text=satellite%20network&text=earth%20observation%20satellite&text=communication%20satellite&text=satellite%20imagery&text=satellite%20manufacturing&text=low%20earth%20orbit&text=LEO%20satellite&text=geostationary%20orbit&text=GEO%20satellite&text=medium%20earth%20orbit&text=satellite%20deployment
2024-03-29,1001082,0001558370-24-004386,dish-20231231x10k.htm,satellite,https://www.sec.gov/Archives/edgar/data/1001082/000155837024004386/dish-20231231x10k.htm#:~:text=satellite%20constellation&text=satellite%20network&text=earth%20observation%20satellite&text=communication%20satellite&text=satellite%20imagery&text=satellite%20manufacturing&text=low%20earth%20orbit&text=LEO%20satellite&text=geostationary%20orbit&text=GEO%20satellite&text=medium%20earth%20orbit&text=satellite%20deployment
2025-02-27,1611983,0001558370-25-001788,lbrda-20241231x10k.htm,satellite,https://www.sec.gov/Archives/edgar/data/1611983/000155837025001788/lbrda-20241231x10k.htm#:~:text=satellite%20constellation&text=satellite%20network&text=earth%20observation%20satellite&text=communication%20satellite&text=satellite%20imagery&text=satellite%20manufacturing&text=low%20earth%20orbit&text=LEO%20satellite&text=geostationary%20orbit&text=GEO%20satellite&text=medium%20earth%20orbit&text=satellite%20deployment
2024-04-01,1817004,0001493152-24-012378,form10-k.htm,satellite,https://www.sec.gov/Archives/edgar/data/1817004/000149315224012378/form10-k.htm#:~:text=satellite%20constellation&text=satellite%20network&text=earth%20observation%20satellite&text=communication%20satellite&text=satellite%20imagery&text=satellite%20manufacturing&text=low%20earth%20orbit&text=LEO%20satellite&text=geostationary%20orbit&text=GEO%20satellite&text=medium%20earth%20orbit&text=satellite%20deployment
2025-02-27,1593275,0001593275-25-000023,hg-20241231.htm,satellite,https://www.sec.gov/Archives/edgar/data/1593275/000159327525000023/hg-20241231.htm#:~:text=satellite%20constellation&text=satellite%20network&text=earth%20observation%20satellite&text=communication%20satellite&text=satellite%20imagery&text=satellite%20manufacturing&text=low%20earth%20orbit&text=LEO%20satellite&text=geostationary%20orbit&text=GEO%20satellite&text=medium%20earth%20orbit&text=satellite%20deployment
2025-03-25,1844452,0001844452-25-000023,lunr-20241231.htm,exploration,https://www.sec.gov/Archives/edgar/data/1844452/000184445225000023/lunr-20241231.htm#:~:text=lunar%20mission&text=lunar%20lander&text=moon%20landing&text=artemis%20program&text=mars%20mission&text=deep%20space&text=planetary%20exploration&text=space%20probe&text=rover%20mission&text=asteroid%20mining&text=planetary%20science&text=space%20telescope&text=space%20research
2025-03-11,1819810,0001819810-25-000063,exhibit21-subsidiariesofth.htm,exploration,https://www.sec.gov/Archives/edgar/data/1819810/000181981025000063/exhibit21-subsidiariesofth.htm#:~:text=lunar%20mission&text=lunar%20lander&text=moon%20landing&text=artemis%20program&text=mars%20mission&text=deep%20space&text=planetary%20exploration&text=space%20probe&text=rover%20mission&text=asteroid%20mining&text=planetary%20science&text=space%20telescope&text=space%20research
2025-02-27,1819994,0001628280-25-008724,rklb-20241231.htm,exploration,https://www.sec.gov/Archives/edgar/data/1819994/000162828025008724/rklb-20241231.htm#:~:text=lunar%20mission&text=lunar%20lander&text=moon%20landing&text=artemis%20program&text=mars%20mission&text=deep%20space&text=planetary%20exploration&text=space%20probe&text=rover%20mission&text=asteroid%20mining&text=planetary%20science&text=space%20telescope&text=space%20research
2024-05-30,1737927,0000950170-24-066240,cgc-20240331.htm,exploration,https://www.sec.gov/Archives/edgar/data/1737927/000095017024066240/cgc-20240331.htm#:~:text=lunar%20mission&text=lunar%20lander&text=moon%20landing&text=artemis%20program&text=mars%20mission&text=deep%20space&text=planetary%20exploration&text=space%20probe&text=rover%20mission&text=asteroid%20mining&text=planetary%20science&text=space%20telescope&text=space%20research
2025-02-14,202058,0000202058-25-000023,exhibit10hil3harrisrsp1125.htm,exploration,https://www.sec.gov/Archives/edgar/data/202058/000020205825000023/exhibit10hil3harrisrsp1125.htm#:~:text=lunar%20mission&text=lunar%20lander&text=moon%20landing&text=artemis%20program&text=mars%20mission&text=deep%20space&text=planetary%20exploration&text=space%20probe&text=rover%20mission&text=asteroid%20mining&text=planetary%20science&text=space%20telescope&text=space%20research
2024-08-02,39020,0001185185-24-000753,freqelec20240430_10k.htm,exploration,https://www.sec.gov/Archives/edgar/data/39020/000118518524000753/freqelec20240430_10k.htm#:~:text=lunar%20mission&text=lunar%20lander&text=moon%20landing&text=artemis%20program&text=mars%20mission&text=deep%20space&text=planetary%20exploration&text=space%20probe&text=rover%20mission&text=asteroid%20mining&text=planetary%20science&text=space%20telescope&text=space%20research
2025-02-24,1818644,0001437749-25-004906,aeye20241231_10k.htm,exploration,https://www.sec.gov/Archives/edgar/data/1818644/000143774925004906/aeye20241231_10k.htm#:~:text=lunar%20mission&text=lunar%20lander&text=moon%20landing&text=artemis%20program&text=mars%20mission&text=deep%20space&text=planetary%20exploration&text=space%20probe&text=rover%20mission&text=asteroid%20mining&text=planetary%20science&text=space%20telescope&text=space%20research
2024-04-01,1518461,0001493152-24-012177,form10-k.htm,exploration,https://www.sec.gov/Archives/edgar/data/1518461/000149315224012177/form10-k.htm#:~:text=lunar%20mission&text=lunar%20lander&text=moon%20landing&text=artemis%20program&text=mars%20mission&text=deep%20space&text=planetary%20exploration&text=space%20probe&text=rover%20mission&text=asteroid%20mining&text=planetary%20science&text=space%20telescope&text=space%20research
2025-02-24,1023128,0001023128-25-000026,a2024q4exx21subsidiaries.htm,exploration,https://www.sec.gov/Archives/edgar/data/1023128/000102312825000026/a2024q4exx21subsidiaries.htm#:~:text=lunar%20mission&text=lunar%20lander&text=moon%20landing&text=artemis%20program&text=mars%20mission&text=deep%20space&text=planetary%20exploration&text=space%20probe&text=rover%20mission&text=asteroid%20mining&text=planetary%20science&text=space%20telescope&text=space%20research
2025-02-14,831259,0000831259-25-000006,a2024trscerroverde-finalxp.pdf,exploration,https://www.sec.gov/Archives/edgar/data/831259/000083125925000006/a2024trscerroverde-finalxp.pdf#:~:text=lunar%20mission&text=lunar%20lander&text=moon%20landing&text=artemis%20program&text=mars%20mission&text=deep%20space&text=planetary%20exploration&text=space%20probe&text=rover%20mission&text=asteroid%20mining&text=planetary%20science&text=space%20telescope&text=space%20research
2024-11-07,1260221,0001260221-24-000083,tdg-20240930.htm,exploration,https://www.sec.gov/Archives/edgar/data/1260221/000126022124000083/tdg-20240930.htm#:~:text=lunar%20mission&text=lunar%20lander&text=moon%20landing&text=artemis%20program&text=mars%20mission&text=deep%20space&text=planetary%20exploration&text=space%20probe&text=rover%20mission&text=asteroid%20mining&text=planetary%20science&text=space%20telescope&text=space%20research
2025-03-17,1036044,0000950170-25-040387,inve-20241231.htm,exploration,https://www.sec.gov/Archives/edgar/data/1036044/000095017025040387/inve-20241231.htm#:~:text=lunar%20mission&text=lunar%20lander&text=moon%20landing&text=artemis%20program&text=mars%20mission&text=deep%20space&text=planetary%20exploration&text=space%20probe&text=rover%20mission&text=asteroid%20mining&text=planetary%20science&text=space%20telescope&text=space%20research
2025-03-03,708821,0000708821-25-000015,par-20241231.htm,exploration,https://www.sec.gov/Archives/edgar/data/708821/000070882125000015/par-20241231.htm#:~:text=lunar%20mission&text=lunar%20lander&text=moon%20landing&text=artemis%20program&text=mars%20mission&text=deep%20space&text=planetary%20exploration&text=space%20probe&text=rover%20mission&text=asteroid%20mining&text=planetary%20science&text=space%20telescope&text=space%20research
2025-02-26,1706946,0001706946-25-000038,spce-20241231.htm,exploration,https://www.sec.gov/Archives/edgar/data/1706946/000170694625000038/spce-20241231.htm#:~:text=lunar%20mission&text=lunar%20lander&text=moon%20landing&text=artemis%20program&text=mars%20mission&text=deep%20space&text=planetary%20exploration&text=space%20probe&text=rover%20mission&text=asteroid%20mining&text=planetary%20science&text=space%20telescope&text=space%20research
2025-02-14,1736297,0001736297-25-000003,alab-20241231.htm,exploration,https://www.sec.gov/Archives/edgar/data/1736297/000173629725000003/alab-20241231.htm#:~:text=lunar%20mission&text=lunar%20lander&text=moon%20landing&text=artemis%20program&text=mars%20mission&text=deep%20space&text=planetary%20exploration&text=space%20probe&text=rover%20mission&text=asteroid%20mining&text=planetary%20science&text=space%20telescope&text=space%20research
2025-03-13,1802457,0001802457-25-000008,orgn-20241231.htm,exploration,https://www.sec.gov/Archives/edgar/data/1802457/000180245725000008/orgn-20241231.htm#:~:text=lunar%20mission&text=lunar%20lander&text=moon%20landing&text=artemis%20program&text=mars%20mission&text=deep%20space&text=planetary%20exploration&text=space%20probe&text=rover%20mission&text=asteroid%20mining&text=planetary%20science&text=space%20telescope&text=space%20research
2025-02-26,1438133,0001438133-25-000036,tndm-20241231.htm,exploration,https://www.sec.gov/Archives/edgar/data/1438133/000143813325000036/tndm-20241231.htm#:~:text=lunar%20mission&text=lunar%20lander&text=moon%20landing&text=artemis%20program&text=mars%20mission&text=deep%20space&text=planetary%20exploration&text=space%20probe&text=rover%20mission&text=asteroid%20mining&text=planetary%20science&text=space%20telescope&text=space%20research
2024-04-01,1054102,0001493152-24-012464,form10-k.htm,exploration,https://www.sec.gov/Archives/edgar/data/1054102/000149315224012464/form10-k.htm#:~:text=lunar%20mission&text=lunar%20lander&text=moon%20landing&text=artemis%20program&text=mars%20mission&text=deep%20space&text=planetary%20exploration&text=space%20probe&text=rover%20mission&text=asteroid%20mining&text=planetary%20science&text=space%20telescope&text=space%20research
2024-04-16,1847986,0001493152-24-014831,form10-k.htm,exploration,https://www.sec.gov/Archives/edgar/data/1847986/000149315224014831/form10-k.htm#:~:text=lunar%20mission&text=lunar%20lander&text=moon%20landing&text=artemis%20program&text=mars%20mission&text=deep%20space&text=planetary%20exploration&text=space%20probe&text=rover%20mission&text=asteroid%20mining&text=planetary%20science&text=space%20telescope&text=space%20research
2025-02-28,1554859,0001554859-25-000011,smlr-20241231x10k.htm,exploration,https://www.sec.gov/Archives/edgar/data/1554859/000155485925000011/smlr-20241231x10k.htm#:~:text=lunar%20mission&text=lunar%20lander&text=moon%20landing&text=artemis%20program&text=mars%20mission&text=deep%20space&text=planetary%20exploration&text=space%20probe&text=rover%20mission&text=asteroid%20mining&text=planetary%20science&text=space%20telescope&text=space%20research
2025-02-27,883984,0000883984-25-000007,icui-20241231.htm,exploration,https://www.sec.gov/Archives/edgar/data/883984/000088398425000007/icui-20241231.htm#:~:text=lunar%20mission&text=lunar%20lander&text=moon%20landing&text=artemis%20program&text=mars%20mission&text=deep%20space&text=planetary%20exploration&text=space%20probe&text=rover%20mission&text=asteroid%20mining&text=planetary%20science&text=space%20telescope&text=space%20research
2025-03-26,1836833,0001836833-25-000050,pl-20250131.htm,exploration,https://www.sec.gov/Archives/edgar/data/1836833/000183683325000050/pl-20250131.htm#:~:text=lunar%20mission&text=lunar%20lander&text=moon%20landing&text=artemis%20program&text=mars%20mission&text=deep%20space&text=planetary%20exploration&text=space%20probe&text=rover%20mission&text=asteroid%20mining&text=planetary%20science&text=space%20telescope&text=space%20research
2025-03-14,1907982,0001907982-25-000060,qbts-20241231.htm,exploration,https://www.sec.gov/Archives/edgar/data/1907982/000190798225000060/qbts-20241231.htm#:~:text=lunar%20mission&text=lunar%20lander&text=moon%20landing&text=artemis%20program&text=mars%20mission&text=deep%20space&text=planetary%20exploration&text=space%20probe&text=rover%20mission&text=asteroid%20mining&text=planetary%20science&text=space%20telescope&text=space%20research
2024-03-29,1836833,0001836833-24-000037,pl-20240131.htm,exploration,https://www.sec.gov/Archives/edgar/data/1836833/000183683324000037/pl-20240131.htm#:~:text=lunar%20mission&text=lunar%20lander&text=moon%20landing&text=artemis%20program&text=mars%20mission&text=deep%20space&text=planetary%20exploration&text=space%20probe&text=rover%20mission&text=asteroid%20mining&text=planetary%20science&text=space%20telescope&text=space%20research
2024-03-29,1907982,0001907982-24-000049,qbts-20231231.htm,exploration,https://www.sec.gov/Archives/edgar/data/1907982/000190798224000049/qbts-20231231.htm#:~:text=lunar%20mission&text=lunar%20lander&text=moon%20landing&text=artemis%20program&text=mars%20mission&text=deep%20space&text=planetary%20exploration&text=space%20probe&text=rover%20mission&text=asteroid%20mining&text=planetary%20science&text=space%20telescope&text=space%20research
2025-03-07,1754068,0000950170-25-035143,alvr-20241231.htm,exploration,https://www.sec.gov/Archives/edgar/data/1754068/000095017025035143/alvr-20241231.htm#:~:text=lunar%20mission&text=lunar%20lander&text=moon%20landing&text=artemis%20program&text=mars%20mission&text=deep%20space&text=planetary%20exploration&text=space%20probe&text=rover%20mission&text=asteroid%20mining&text=planetary%20science&text=space%20telescope&text=space%20research
2025-03-03,1625297,0001625297-25-000016,indv-20241231.htm,exploration,https://www.sec.gov/Archives/edgar/data/1625297/000162529725000016/indv-20241231.htm#:~:text=lunar%20mission&text=lunar%20lander&text=moon%20landing&text=artemis%20program&text=mars%20mission&text=deep%20space&text=planetary%20exploration&text=space%20probe&text=rover%20mission&text=asteroid%20mining&text=planetary%20science&text=space%20telescope&text=space%20research
2025-02-26,1706946,0001706946-25-000038,spce-20241231.htm,commercial,https://www.sec.gov/Archives/edgar/data/1706946/000170694625000038/spce-20241231.htm#:~:text=space%20tourism&text=commercial%20spaceflight&text=space%20hotel&text=orbital%20tourism&text=suborbital%20flight&text=in-orbit%20servicing&text=space%20debris%20removal&text=in-space%20manufacturing&text=space%20logistics&text=space%20infrastructure
2025-03-25,1844452,0001844452-25-000023,lunr-20241231.htm,commercial,https://www.sec.gov/Archives/edgar/data/1844452/000184445225000023/lunr-20241231.htm#:~:text=space%20tourism&text=commercial%20spaceflight&text=space%20hotel&text=orbital%20tourism&text=suborbital%20flight&text=in-orbit%20servicing&text=space%20debris%20removal&text=in-space%20manufacturing&text=space%20logistics&text=space%20infrastructure
2025-02-21,1040829,0001558370-25-001286,rhp-20241231x10k.htm,commercial,https://www.sec.gov/Archives/edgar/data/1040829/000155837025001286/rhp-20241231x10k.htm#:~:text=space%20tourism&text=commercial%20spaceflight&text=space%20hotel&text=orbital%20tourism&text=suborbital%20flight&text=in-orbit%20servicing&text=space%20debris%20removal&text=in-space%20manufacturing&text=space%20logistics&text=space%20infrastructure
2024-06-06,1781162,0001628280-24-026929,mnts-20231231.htm,commercial,https://www.sec.gov/Archives/edgar/data/1781162/000162828024026929/mnts-20231231.htm#:~:text=space%20tourism&text=commercial%20spaceflight&text=space%20hotel&text=orbital%20tourism&text=suborbital%20flight&text=in-orbit%20servicing&text=space%20debris%20removal&text=in-space%20manufacturing&text=space%20logistics&text=space%20infrastructure
2025-03-11,1819810,0001819810-25-000063,rdw-20241231.htm,commercial,https://www.sec.gov/Archives/edgar/data/1819810/000181981025000063/rdw-20241231.htm#:~:text=space%20tourism&text=commercial%20spaceflight&text=space%20hotel&text=orbital%20tourism&text=suborbital%20flight&text=in-orbit%20servicing&text=space%20debris%20removal&text=in-space%20manufacturing&text=space%20logistics&text=space%20infrastructure
2024-03-27,1879726,0001493152-24-011394,form10-k.htm,commercial,https://www.sec.gov/Archives/edgar/data/1879726/000149315224011394/form10-k.htm#:~:text=space%20tourism&text=commercial%20spaceflight&text=space%20hotel&text=orbital%20tourism&text=suborbital%20flight&text=in-orbit%20servicing&text=space%20debris%20removal&text=in-space%20manufacturing&text=space%20logistics&text=space%20infrastructure
2025-03-20,1753539,0001753539-25-000030,bksy-20241231.htm,commercial,https://www.sec.gov/Archives/edgar/data/1753539/000175353925000030/bksy-20241231.htm#:~:text=space%20tourism&text=commercial%20spaceflight&text=space%20hotel&text=orbital%20tourism&text=suborbital%20flight&text=in-orbit%20servicing&text=space%20debris%20removal&text=in-space%20manufacturing&text=space%20logistics&text=space%20infrastructure
2025-02-28,1065078,0001072613-25-000187,network1_10k-123124.htm,commercial,https://www.sec.gov/Archives/edgar/data/1065078/000107261325000187/network1_10k-123124.htm#:~:text=space%20tourism&text=commercial%20spaceflight&text=space%20hotel&text=orbital%20tourism&text=suborbital%20flight&text=in-orbit%20servicing&text=space%20debris%20removal&text=in-space%20manufacturing&text=space%20logistics&text=space%20infrastructure
2024-08-02,310354,0001437749-24-024465,sxi20240630_10k.htm,commercial,https://www.sec.gov/Archives/edgar/data/310354/000143774924024465/sxi20240630_10k.htm#:~:text=space%20tourism&text=commercial%20spaceflight&text=space%20hotel&text=orbital%20tourism&text=suborbital%20flight&text=in-orbit%20servicing&text=space%20debris%20removal&text=in-space%20manufacturing&text=space%20logistics&text=space%20infrastructure
2024-04-18,1814329,0000950170-24-045209,astr-20231231.htm,commercial,https://www.sec.gov/Archives/edgar/data/1814329/000095017024045209/astr-20231231.htm#:~:text=space%20tourism&text=commercial%20spaceflight&text=space%20hotel&text=orbital%20tourism&text=suborbital%20flight&text=in-orbit%20servicing&text=space%20debris%20removal&text=in-space%20manufacturing&text=space%20logistics&text=space%20infrastructure
2025-02-25,1487952,0001487952-25-000014,vpg-20241231.htm,commercial,https://www.sec.gov/Archives/edgar/data/1487952/000148795225000014/vpg-20241231.htm#:~:text=space%20tourism&text=commercial%20spaceflight&text=space%20hotel&text=orbital%20tourism&text=suborbital%20flight&text=in-orbit%20servicing&text=space%20debris%20removal&text=in-space%20manufacturing&text=space%20logistics&text=space%20infrastructure
2024-03-29,1834032,0001213900-24-028020,ea0202573-10k_constell1.htm,commercial,https://www.sec.gov/Archives/edgar/data/1834032/000121390024028020/ea0202573-10k_constell1.htm#:~:text=space%20tourism&text=commercial%20spaceflight&text=space%20hotel&text=orbital%20tourism&text=suborbital%20flight&text=in-orbit%20servicing&text=space%20debris%20removal&text=in-space%20manufacturing&text=space%20logistics&text=space%20infrastructure
2025-02-27,1879016,0001879016-25-000003,ie-20241231.htm,commercial,https://www.sec.gov/Archives/edgar/data/1879016/000187901625000003/ie-20241231.htm#:~:text=space%20tourism&text=commercial%20spaceflight&text=space%20hotel&text=orbital%20tourism&text=suborbital%20flight&text=in-orbit%20servicing&text=space%20debris%20removal&text=in-space%20manufacturing&text=space%20logistics&text=space%20infrastructure
2025-03-13,1948056,0001948056-25-000015,kkr-20241231.htm,commercial,https://www.sec.gov/Archives/edgar/data/1948056/000194805625000015/kkr-20241231.htm#:~:text=space%20tourism&text=commercial%20spaceflight&text=space%20hotel&text=orbital%20tourism&text=suborbital%20flight&text=in-orbit%20servicing&text=space%20debris%20removal&text=in-space%20manufacturing&text=space%20logistics&text=space%20infrastructure
2024-03-27,1879726,0001493152-24-011394,form10-k.htm,partnerships,https://www.sec.gov/Archives/edgar/data/1879726/000149315224011394/form10-k.htm#:~:text=NASA%20contract&text=NASA%20partnership&text=NASA%20supplier&text=NASA%20program&text=NASA%20funding&text=SpaceX%20partnership&text=Blue%20Origin%20partnership&text=space%20agency%20collaboration&text=ESA%20partnership&text=JAXA%20partnership&text=Roscosmos%20partnership
2025-02-25,1075415,0001075415-25-000012,dhc-20241231.htm,investment,https://www.sec.gov/Archives/edgar/data/1075415/000107541525000012/dhc-20241231.htm#:~:text=space%20investment&text=space%20venture&text=space%20startup&text=space%20industry%20funding&text=space%20technology%20acquisition&text=space%20market%20growth&text=commercial%20space%20opportunity&text=space%20industry%20revenue&text=space%20sector%20forecast
2024-03-29,1836833,0001836833-24-000037,pl-20240131.htm,investment,https://www.sec.gov/Archives/edgar/data/1836833/000183683324000037/pl-20240131.htm#:~:text=space%20investment&text=space%20venture&text=space%20startup&text=space%20industry%20funding&text=space%20technology%20acquisition&text=space%20market%20growth&text=commercial%20space%20opportunity&text=space%20industry%20revenue&text=space%20sector%20forecast
2024-05-07,1590496,0001213900-24-040309,ea0203967-10k_aerkomm.htm,technology,https://www.sec.gov/Archives/edgar/data/1590496/000121390024040309/ea0203967-10k_aerkomm.htm#:~:text=space-based%20communication&text=optical%20inter-satellite%20link&text=space-based%20internet&text=satellite%20broadband&text=space-based%20remote%20sensing&text=space%20radiation%20hardening&text=space-grade%20components&text=space-qualified%20hardware&text=spacecraft%20autonomy&text=space%20robotics
2025-03-12,1001082,0001558370-25-002818,dish-20241231x10k.htm,technology,https://www.sec.gov/Archives/edgar/data/1001082/000155837025002818/dish-20241231x10k.htm#:~:text=space-based%20communication&text=optical%20inter-satellite%20link&text=space-based%20internet&text=satellite%20broadband&text=space-based%20remote%20sensing&text=space%20radiation%20hardening&text=space-grade%20components&text=space-qualified%20hardware&text=spacecraft%20autonomy&text=space%20robotics
2024-03-29,1001082,0001558370-24-004386,dish-20231231x10k.htm,technology,https://www.sec.gov/Archives/edgar/data/1001082/000155837024004386/dish-20231231x10k.htm#:~:text=space-based%20communication&text=optical%20inter-satellite%20link&text=space-based%20internet&text=satellite%20broadband&text=space-based%20remote%20sensing&text=space%20radiation%20hardening&text=space-grade%20components&text=space-qualified%20hardware&text=spacecraft%20autonomy&text=space%20robotics
2025-03-14,1537054,0000950170-25-039384,gogo-20241231.htm,technology,https://www.sec.gov/Archives/edgar/data/1537054/000095017025039384/gogo-20241231.htm#:~:text=space-based%20communication&text=optical%20inter-satellite%20link&text=space-based%20internet&text=satellite%20broadband&text=space-based%20remote%20sensing&text=space%20radiation%20hardening&text=space-grade%20components&text=space-qualified%20hardware&text=spacecraft%20autonomy&text=space%20robotics
2025-01-31,1166691,0001166691-25-000011,cmcsa-20241231.htm,technology,https://www.sec.gov/Archives/edgar/data/1166691/000116669125000011/cmcsa-20241231.htm#:~:text=space-based%20communication&text=optical%20inter-satellite%20link&text=space-based%20internet&text=satellite%20broadband&text=space-based%20remote%20sensing&text=space%20radiation%20hardening&text=space-grade%20components&text=space-qualified%20hardware&text=spacecraft%20autonomy&text=space%20robotics
2024-05-29,797721,0000950170-24-066031,vsat-20240331.htm,technology,https://www.sec.gov/Archives/edgar/data/797721/000095017024066031/vsat-20240331.htm#:~:text=space-based%20communication&text=optical%20inter-satellite%20link&text=space-based%20internet&text=satellite%20broadband&text=space-based%20remote%20sensing&text=space%20radiation%20hardening&text=space-grade%20components&text=space-qualified%20hardware&text=spacecraft%20autonomy&text=space%20robotics
2025-03-12,1533758,0001558370-25-002821,hssc-20241231x10k.htm,technology,https://www.sec.gov/Archives/edgar/data/1533758/000155837025002821/hssc-20241231x10k.htm#:~:text=space-based%20communication&text=optical%20inter-satellite%20link&text=space-based%20internet&text=satellite%20broadband&text=space-based%20remote%20sensing&text=space%20radiation%20hardening&text=space-grade%20components&text=space-qualified%20hardware&text=spacecraft%20autonomy&text=space%20robotics
2024-04-16,1847986,0001493152-24-014831,ex10-44.htm,technology,https://www.sec.gov/Archives/edgar/data/1847986/000149315224014831/ex10-44.htm#:~:text=space-based%20communication&text=optical%20inter-satellite%20link&text=space-based%20internet&text=satellite%20broadband&text=space-based%20remote%20sensing&text=space%20radiation%20hardening&text=space-grade%20components&text=space-qualified%20hardware&text=spacecraft%20autonomy&text=space%20robotics
2024-03-27,1879726,0001493152-24-011394,form10-k.htm,technology,https://www.sec.gov/Archives/edgar/data/1879726/000149315224011394/form10-k.htm#:~:text=space-based%20communication&text=optical%20inter-satellite%20link&text=space-based%20internet&text=satellite%20broadband&text=space-based%20remote%20sensing&text=space%20radiation%20hardening&text=space-grade%20components&text=space-qualified%20hardware&text=spacecraft%20autonomy&text=space%20robotics
2024-03-29,1407878,0001493152-24-011984,form10-k.htm,technology,https://www.sec.gov/Archives/edgar/data/1407878/000149315224011984/form10-k.htm#:~:text=space-based%20communication&text=optical%20inter-satellite%20link&text=space-based%20internet&text=satellite%20broadband&text=space-based%20remote%20sensing&text=space%20radiation%20hardening&text=space-grade%20components&text=space-qualified%20hardware&text=spacecraft%20autonomy&text=space%20robotics
2024-04-01,1533758,0001533758-24-000007,hssc-20231231.htm,technology,https://www.sec.gov/Archives/edgar/data/1533758/000153375824000007/hssc-20231231.htm#:~:text=space-based%20communication&text=optical%20inter-satellite%20link&text=space-based%20internet&text=satellite%20broadband&text=space-based%20remote%20sensing&text=space%20radiation%20hardening&text=space-grade%20components&text=space-qualified%20hardware&text=spacecraft%20autonomy&text=space%20robotics
2025-01-30,1133421,0001133421-25-000006,noc-20241231.htm,technology,https://www.sec.gov/Archives/edgar/data/1133421/000113342125000006/noc-20241231.htm#:~:text=space-based%20communication&text=optical%20inter-satellite%20link&text=space-based%20internet&text=satellite%20broadband&text=space-based%20remote%20sensing&text=space%20radiation%20hardening&text=space-grade%20components&text=space-qualified%20hardware&text=spacecraft%20autonomy&text=space%20robotics
2025-02-21,1051512,0001051512-25-000011,tds-20241231.htm,technology,https://www.sec.gov/Archives/edgar/data/1051512/000105151225000011/tds-20241231.htm#:~:text=space-based%20communication&text=optical%20inter-satellite%20link&text=space-based%20internet&text=satellite%20broadband&text=space-based%20remote%20sensing&text=space%20radiation%20hardening&text=space-grade%20components&text=space-qualified%20hardware&text=spacecraft%20autonomy&text=space%20robotics
2025-02-27,1415404,0001558370-25-001663,tmb-20241231x10k.htm,technology,https://www.sec.gov/Archives/edgar/data/1415404/000155837025001663/tmb-20241231x10k.htm#:~:text=space-based%20communication&text=optical%20inter-satellite%20link&text=space-based%20internet&text=satellite%20broadband&text=space-based%20remote%20sensing&text=space%20radiation%20hardening&text=space-grade%20components&text=space-qualified%20hardware&text=spacecraft%20autonomy&text=space%20robotics
2025-02-28,776867,0000776867-25-000003,wtm-20241231.htm,risks,https://www.sec.gov/Archives/edgar/data/776867/000077686725000003/wtm-20241231.htm#:~:text=space%20regulatory%20risk&text=space%20debris%20risk&text=launch%20failure%20risk&text=space%20insurance&text=space%20liability&text=orbital%20congestion&text=space%20weather%20impact&text=space%20sustainability&text=space%20policy%20uncertainty&text=space%20competitive%20landscape
2025-01-30,1133421,0001133421-25-000006,noc-20241231.htm,risks,https://www.sec.gov/Archives/edgar/data/1133421/000113342125000006/noc-20241231.htm#:~:text=space%20regulatory%20risk&text=space%20debris%20risk&text=launch%20failure%20risk&text=space%20insurance&text=space%20liability&text=orbital%20congestion&text=space%20weather%20impact&text=space%20sustainability&text=space%20policy%20uncertainty&text=space%20competitive%20landscape
2025-02-13,34903,0000034903-25-000016,frt-20241231.htm,risks,https://www.sec.gov/Archives/edgar/data/34903/000003490325000016/frt-20241231.htm#:~:text=space%20regulatory%20risk&text=space%20debris%20risk&text=launch%20failure%20risk&text=space%20insurance&text=space%20liability&text=orbital%20congestion&text=space%20weather%20impact&text=space%20sustainability&text=space%20policy%20uncertainty&text=space%20competitive%20landscape
2025-02-13,1901876,0000034903-25-000016,frt-20241231.htm,risks,https://www.sec.gov/Archives/edgar/data/1901876/000003490325000016/frt-20241231.htm#:~:text=space%20regulatory%20risk&text=space%20debris%20risk&text=launch%20failure%20risk&text=space%20insurance&text=space%20liability&text=orbital%20congestion&text=space%20weather%20impact&text=space%20sustainability&text=space%20policy%20uncertainty&text=space%20competitive%20landscape
